date,cases_new,cases_import,cases_recovered,cases_active,cases_cluster,cases_unvax,cases_pvax,cases_fvax,cases_boost,cases_child,cases_adolescent,cases_adult,cases_elderly,cases_0_4,cases_5_11,cases_12_17,cases_18_29,cases_30_39,cases_40_49,cases_50_59,cases_60_69,cases_70_79,cases_80,cluster_import,cluster_religious,cluster_community,cluster_highRisk,cluster_education,cluster_detentionCentre,cluster_workplace
2021-01-01,2068,2,2230,23382,944.0,2068.0,0.0,0.0,0.0,129.0,78.0,1715.0,115.0,59.0,70.0,78.0,640.0,710.0,238.0,127.0,72.0,36.0,7.0,0.0,0.0,35.0,17.0,0.0,18.0,671.0
2021-01-02,2295,9,3321,22347,1091.0,2295.0,0.0,0.0,0.0,122.0,60.0,1895.0,113.0,40.0,82.0,60.0,717.0,722.0,316.0,140.0,89.0,19.0,5.0,0.0,2.0,30.0,33.0,0.0,135.0,882.0
2021-01-03,1704,5,2726,21317,588.0,1704.0,0.0,0.0,0.0,170.0,71.0,1307.0,114.0,63.0,107.0,71.0,522.0,443.0,202.0,140.0,79.0,26.0,9.0,0.0,0.0,41.0,25.0,0.0,83.0,432.0
2021-01-04,1741,8,1010,22038,618.0,1741.0,0.0,0.0,0.0,178.0,72.0,1346.0,103.0,71.0,107.0,72.0,580.0,406.0,229.0,131.0,71.0,23.0,9.0,0.0,0.0,47.0,7.0,0.0,37.0,518.0
2021-01-05,2027,16,1221,22834,776.0,2027.0,0.0,0.0,0.0,176.0,87.0,1610.0,125.0,76.0,100.0,87.0,627.0,537.0,256.0,190.0,80.0,36.0,9.0,0.0,0.0,30.0,14.0,0.0,111.0,590.0
2021-01-06,2593,4,1129,24281,1603.0,2593.0,0.0,0.0,0.0,137.0,68.0,1968.0,122.0,60.0,77.0,68.0,786.0,730.0,311.0,141.0,78.0,32.0,12.0,0.0,2.0,21.0,12.0,0.0,81.0,1463.0
2021-01-07,3027,6,2145,25157,1532.0,3027.0,0.0,0.0,0.0,207.0,99.0,1594.0,189.0,94.0,113.0,99.0,719.0,477.0,218.0,180.0,132.0,42.0,15.0,0.0,2.0,38.0,8.0,0.0,63.0,1403.0
2021-01-08,2643,2,2708,25080,1162.0,2643.0,0.0,0.0,0.0,168.0,91.0,2200.0,147.0,69.0,99.0,91.0,881.0,750.0,394.0,175.0,100.0,36.0,11.0,0.0,0.0,75.0,10.0,0.0,131.0,935.0
2021-01-09,2451,5,1401,26122,977.0,2451.0,0.0,0.0,0.0,183.0,104.0,2002.0,153.0,78.0,105.0,104.0,851.0,615.0,327.0,209.0,104.0,37.0,12.0,0.0,1.0,91.0,7.0,0.0,327.0,472.0
2021-01-10,2433,7,1277,27266,751.0,2433.0,0.0,0.0,0.0,213.0,95.0,1900.0,204.0,69.0,144.0,95.0,754.0,659.0,320.0,167.0,149.0,40.0,15.0,0.0,7.0,83.0,13.0,0.0,86.0,492.0
2021-01-11,2232,5,1006,28489,788.0,2232.0,0.0,0.0,0.0,223.0,128.0,1657.0,180.0,89.0,134.0,128.0,650.0,517.0,293.0,197.0,132.0,35.0,13.0,0.0,5.0,127.0,12.0,0.0,197.0,348.0
2021-01-12,3309,6,1469,30319,1460.0,3309.0,0.0,0.0,0.0,239.0,121.0,2681.0,183.0,97.0,142.0,121.0,1066.0,886.0,457.0,272.0,139.0,32.0,12.0,0.0,4.0,208.0,16.0,0.0,439.0,769.0
2021-01-13,2985,2,994,32301,1076.0,2985.0,0.0,0.0,0.0,232.0,130.0,2354.0,214.0,90.0,142.0,130.0,865.0,852.0,413.0,224.0,136.0,61.0,17.0,0.0,10.0,151.0,6.0,0.0,296.0,589.0
2021-01-14,3337,7,1710,33915,1365.0,3337.0,0.0,0.0,0.0,260.0,128.0,2620.0,209.0,109.0,151.0,128.0,1084.0,865.0,411.0,260.0,145.0,50.0,14.0,0.0,1.0,260.0,12.0,0.0,153.0,921.0
2021-01-15,3211,5,1939,35173,1300.0,3211.0,0.0,0.0,0.0,243.0,145.0,2471.0,196.0,97.0,146.0,145.0,983.0,832.0,412.0,244.0,130.0,52.0,14.0,0.0,15.0,92.0,20.0,0.0,12.0,1068.0
2021-01-16,4029,8,2148,37039,1425.0,4029.0,0.0,0.0,0.0,334.0,177.0,3209.0,256.0,141.0,193.0,177.0,1292.0,1122.0,442.0,353.0,169.0,72.0,15.0,0.0,4.0,114.0,6.0,0.0,110.0,1168.0
2021-01-17,3339,15,2676,37691,1326.0,3339.0,0.0,0.0,0.0,292.0,163.0,2399.0,213.0,113.0,179.0,163.0,871.0,872.0,420.0,236.0,145.0,52.0,16.0,0.0,4.0,140.0,13.0,0.0,162.0,937.0
2021-01-18,3306,7,2293,38688,1195.0,3306.0,0.0,0.0,0.0,239.0,161.0,2552.0,231.0,98.0,141.0,161.0,996.0,857.0,443.0,256.0,144.0,64.0,23.0,0.0,4.0,135.0,40.0,0.0,107.0,854.0
2021-01-19,3631,7,2944,39365,1088.0,3631.0,0.0,0.0,0.0,286.0,176.0,2840.0,271.0,109.0,177.0,176.0,950.0,1069.0,483.0,338.0,182.0,63.0,26.0,0.0,19.0,170.0,12.0,0.0,310.0,513.0
2021-01-20,4008,5,2374,40979,1432.0,4008.0,0.0,0.0,0.0,292.0,178.0,3210.0,309.0,120.0,172.0,178.0,1085.0,1219.0,550.0,356.0,216.0,72.0,21.0,0.0,9.0,225.0,48.0,0.0,113.0,966.0
2021-01-21,3170,8,2490,41644,720.0,3170.0,0.0,0.0,0.0,270.0,170.0,2365.0,312.0,101.0,169.0,170.0,924.0,771.0,371.0,299.0,192.0,82.0,38.0,0.0,0.0,157.0,48.0,0.0,26.0,346.0
2021-01-22,3631,6,2554,42705,933.0,3631.0,0.0,0.0,0.0,364.0,177.0,2709.0,314.0,157.0,207.0,177.0,1016.0,847.0,470.0,376.0,205.0,87.0,22.0,0.0,15.0,177.0,54.0,0.0,89.0,538.0
2021-01-23,4275,11,4313,42652,1015.0,4275.0,0.0,0.0,0.0,342.0,174.0,3337.0,313.0,142.0,200.0,174.0,1155.0,1193.0,602.0,387.0,205.0,81.0,27.0,0.0,7.0,211.0,22.0,0.0,68.0,595.0
2021-01-24,3346,7,4427,41560,1086.0,3346.0,0.0,0.0,0.0,286.0,176.0,2445.0,275.0,108.0,178.0,176.0,905.0,747.0,451.0,342.0,190.0,68.0,17.0,0.0,24.0,211.0,8.0,0.0,242.0,537.0
2021-01-25,3048,8,3638,40954,757.0,3047.0,1.0,0.0,0.0,253.0,128.0,2309.0,292.0,114.0,139.0,128.0,874.0,715.0,421.0,299.0,188.0,82.0,22.0,0.0,13.0,102.0,29.0,0.0,62.0,505.0
2021-01-26,3585,2,4076,40443,742.0,3585.0,0.0,0.0,0.0,289.0,160.0,2797.0,283.0,119.0,170.0,160.0,1053.0,875.0,492.0,377.0,207.0,54.0,22.0,0.0,11.0,209.0,21.0,0.0,59.0,414.0
2021-01-27,3680,6,1858,42249,1425.0,3680.0,0.0,0.0,0.0,257.0,141.0,2847.0,259.0,114.0,143.0,141.0,1078.0,971.0,521.0,277.0,178.0,64.0,17.0,0.0,28.0,124.0,25.0,0.0,64.0,1170.0
2021-01-28,4094,8,3281,43050,823.0,4094.0,0.0,0.0,0.0,360.0,169.0,3217.0,297.0,168.0,192.0,169.0,1172.0,1080.0,551.0,414.0,203.0,67.0,27.0,0.0,19.0,129.0,27.0,0.0,27.0,564.0
2021-01-29,5725,7,3423,45333,1790.0,5725.0,0.0,0.0,0.0,312.0,196.0,4215.0,403.0,119.0,193.0,196.0,1681.0,1320.0,703.0,511.0,284.0,87.0,32.0,0.0,21.0,150.0,10.0,0.0,419.0,1116.0
2021-01-30,5728,5,3805,47243,1741.0,5728.0,0.0,0.0,0.0,336.0,194.0,4459.0,361.0,145.0,191.0,194.0,1915.0,1380.0,713.0,451.0,247.0,88.0,26.0,0.0,11.0,154.0,9.0,0.0,132.0,1337.0
2021-01-31,5298,3,4522,48001,1678.0,5298.0,0.0,0.0,0.0,399.0,190.0,4171.0,338.0,170.0,229.0,190.0,1792.0,1354.0,670.0,355.0,221.0,87.0,30.0,0.0,8.0,97.0,82.0,0.0,97.0,1349.0
2021-02-01,4214,9,4280,47920,1267.0,4214.0,0.0,0.0,0.0,245.0,127.0,3190.0,272.0,110.0,135.0,127.0,1369.0,997.0,515.0,309.0,187.0,55.0,30.0,0.0,12.0,89.0,55.0,0.0,116.0,917.0
2021-02-02,3455,5,3661,47700,1345.0,3455.0,0.0,0.0,0.0,210.0,119.0,2370.0,201.0,109.0,101.0,119.0,1022.0,715.0,368.0,265.0,139.0,47.0,15.0,0.0,16.0,62.0,9.0,0.0,77.0,1089.0
2021-02-03,4284,6,3804,48160,1792.0,4284.0,0.0,0.0,0.0,220.0,135.0,3614.0,189.0,106.0,114.0,135.0,1498.0,1238.0,594.0,284.0,122.0,45.0,22.0,0.0,5.0,127.0,14.0,0.0,122.0,1465.0
2021-02-04,4571,3,4092,48617,1793.0,4570.0,1.0,0.0,0.0,282.0,154.0,3502.0,279.0,109.0,173.0,154.0,1461.0,1085.0,614.0,342.0,172.0,81.0,26.0,0.0,11.0,149.0,14.0,0.0,237.0,1268.0
2021-02-05,3391,4,3392,48608,1108.0,3391.0,0.0,0.0,0.0,252.0,108.0,2579.0,236.0,108.0,144.0,108.0,1012.0,800.0,468.0,299.0,141.0,61.0,34.0,0.0,6.0,88.0,39.0,0.0,145.0,762.0
2021-02-06,3847,4,1692,50747,1486.0,3847.0,0.0,0.0,0.0,247.0,121.0,2855.0,258.0,104.0,143.0,121.0,1112.0,931.0,526.0,286.0,176.0,64.0,18.0,0.0,6.0,120.0,15.0,0.0,133.0,1020.0
2021-02-07,3731,8,3369,51097,1604.0,3731.0,0.0,0.0,0.0,192.0,107.0,2816.0,196.0,76.0,116.0,107.0,1119.0,975.0,470.0,252.0,118.0,54.0,24.0,0.0,2.0,138.0,11.0,0.0,43.0,1164.0
2021-02-08,3100,1,2340,51834,1547.0,3100.0,0.0,0.0,0.0,164.0,90.0,2624.0,171.0,80.0,84.0,90.0,1174.0,887.0,359.0,204.0,117.0,41.0,13.0,0.0,1.0,26.0,14.0,0.0,29.0,1426.0
2021-02-09,2764,6,3887,50698,935.0,2764.0,0.0,0.0,0.0,207.0,103.0,2169.0,168.0,86.0,121.0,103.0,830.0,752.0,353.0,234.0,101.0,52.0,15.0,0.0,1.0,22.0,10.0,0.0,51.0,789.0
2021-02-10,3288,5,1929,52046,1500.0,3288.0,0.0,0.0,0.0,189.0,118.0,2283.0,175.0,84.0,105.0,118.0,958.0,737.0,348.0,240.0,105.0,43.0,27.0,0.0,0.0,43.0,23.0,0.0,63.0,1309.0
2021-02-11,3384,15,3774,51643,1631.0,3384.0,0.0,0.0,0.0,200.0,120.0,2668.0,187.0,81.0,119.0,120.0,1039.0,907.0,460.0,262.0,126.0,42.0,19.0,0.0,0.0,94.0,28.0,0.0,93.0,1388.0
2021-02-12,3318,7,3505,51450,1716.0,3318.0,0.0,0.0,0.0,156.0,73.0,2789.0,158.0,63.0,93.0,73.0,1141.0,961.0,473.0,214.0,101.0,45.0,12.0,0.0,0.0,36.0,11.0,0.0,37.0,1459.0
2021-02-13,3499,1,3515,51419,1611.0,3499.0,0.0,0.0,0.0,176.0,106.0,2631.0,127.0,75.0,101.0,106.0,1193.0,844.0,370.0,224.0,87.0,26.0,14.0,0.0,0.0,91.0,16.0,0.0,70.0,1365.0
2021-02-14,2464,3,4525,49349,857.0,2464.0,0.0,0.0,0.0,159.0,104.0,1920.0,183.0,73.0,86.0,104.0,724.0,634.0,365.0,197.0,103.0,61.0,19.0,0.0,11.0,79.0,3.0,0.0,54.0,627.0
2021-02-15,2176,1,4521,46990,689.0,2176.0,0.0,0.0,0.0,178.0,95.0,1683.0,169.0,75.0,103.0,95.0,631.0,515.0,315.0,222.0,97.0,50.0,22.0,0.0,0.0,45.0,9.0,0.0,64.0,497.0
2021-02-16,2720,0,5718,43980,1581.0,2720.0,0.0,0.0,0.0,177.0,83.0,2012.0,157.0,80.0,97.0,83.0,709.0,798.0,351.0,154.0,91.0,46.0,20.0,0.0,0.0,85.0,11.0,0.0,57.0,1372.0
2021-02-17,2998,7,5709,41262,1589.0,2998.0,0.0,0.0,0.0,139.0,87.0,2375.0,158.0,63.0,76.0,87.0,1085.0,746.0,374.0,170.0,92.0,41.0,25.0,0.0,0.0,83.0,63.0,0.0,103.0,1302.0
2021-02-18,2712,4,5320,38647,1303.0,2712.0,0.0,0.0,0.0,137.0,73.0,2122.0,189.0,57.0,80.0,73.0,830.0,756.0,346.0,190.0,97.0,61.0,31.0,0.0,40.0,35.0,39.0,0.0,43.0,1118.0
2021-02-19,2936,9,4889,36685,1435.0,2936.0,0.0,0.0,0.0,173.0,110.0,2415.0,130.0,70.0,103.0,110.0,1127.0,759.0,366.0,163.0,84.0,34.0,12.0,0.0,5.0,37.0,11.0,0.0,112.0,1230.0
2021-02-20,2461,0,4782,34356,1173.0,2461.0,0.0,0.0,0.0,179.0,83.0,1857.0,113.0,74.0,105.0,83.0,732.0,622.0,329.0,174.0,72.0,33.0,8.0,0.0,20.0,61.0,3.0,0.0,298.0,743.0
2021-02-21,3297,6,4456,33192,2082.0,3296.0,1.0,0.0,0.0,150.0,89.0,2865.0,127.0,65.0,85.0,89.0,1470.0,930.0,310.0,155.0,84.0,29.0,14.0,0.0,7.0,38.0,8.0,0.0,124.0,1870.0
2021-02-22,2192,3,3414,31960,1084.0,2192.0,0.0,0.0,0.0,160.0,81.0,1801.0,102.0,80.0,80.0,81.0,710.0,625.0,289.0,177.0,60.0,32.0,10.0,0.0,1.0,88.0,7.0,0.0,110.0,824.0
2021-02-23,2468,4,4055,30363,1113.0,2468.0,0.0,0.0,0.0,141.0,78.0,1932.0,123.0,60.0,81.0,78.0,833.0,623.0,282.0,194.0,78.0,37.0,8.0,0.0,0.0,74.0,3.0,0.0,175.0,805.0
2021-02-24,3545,1,3331,30572,2483.0,3545.0,0.0,0.0,0.0,140.0,81.0,2932.0,168.0,56.0,84.0,81.0,1345.0,1042.0,398.0,147.0,92.0,46.0,30.0,0.0,0.0,70.0,19.0,0.0,29.0,2338.0
2021-02-25,1924,6,3752,28738,705.0,1924.0,0.0,0.0,0.0,155.0,74.0,1469.0,160.0,64.0,91.0,74.0,609.0,420.0,246.0,194.0,102.0,31.0,27.0,0.0,1.0,76.0,26.0,0.0,105.0,442.0
2021-02-26,2253,7,3085,27903,1136.0,2253.0,0.0,0.0,0.0,121.0,77.0,1812.0,184.0,55.0,66.0,77.0,842.0,546.0,268.0,156.0,104.0,51.0,29.0,0.0,11.0,140.0,27.0,0.0,95.0,863.0
2021-02-27,2364,1,3320,26937,1100.0,2364.0,0.0,0.0,0.0,141.0,101.0,1862.0,163.0,50.0,91.0,101.0,776.0,588.0,291.0,207.0,111.0,36.0,16.0,0.0,4.0,157.0,6.0,0.0,52.0,801.0
2021-02-28,2437,1,3251,26118,1404.0,2437.0,0.0,0.0,0.0,134.0,80.0,2039.0,119.0,61.0,73.0,80.0,721.0,879.0,302.0,137.0,82.0,29.0,8.0,0.0,0.0,114.0,9.0,0.0,85.0,1131.0
2021-03-01,1828,7,2486,25456,962.0,1828.0,0.0,0.0,0.0,129.0,58.0,1443.0,99.0,49.0,80.0,58.0,586.0,486.0,244.0,127.0,63.0,26.0,10.0,0.0,0.0,56.0,4.0,0.0,113.0,737.0
2021-03-02,1555,3,2528,24474,604.0,1555.0,0.0,0.0,0.0,114.0,57.0,1202.0,129.0,49.0,65.0,57.0,475.0,376.0,212.0,139.0,80.0,36.0,13.0,0.0,1.0,56.0,4.0,0.0,113.0,737.0
2021-03-03,1745,2,2276,23939,867.0,1744.0,1.0,0.0,0.0,111.0,60.0,1443.0,72.0,45.0,66.0,60.0,663.0,452.0,190.0,138.0,49.0,18.0,5.0,0.0,0.0,42.0,3.0,0.0,47.0,665.0
2021-03-04,2063,9,2922,23077,897.0,2062.0,1.0,0.0,0.0,159.0,88.0,1570.0,130.0,63.0,96.0,88.0,619.0,504.0,292.0,155.0,75.0,44.0,11.0,0.0,0.0,105.0,15.0,0.0,99.0,645.0
2021-03-05,2154,5,3275,21948,1021.0,2151.0,3.0,0.0,0.0,193.0,174.0,1214.0,117.0,69.0,124.0,174.0,518.0,331.0,238.0,127.0,82.0,28.0,7.0,0.0,6.0,65.0,1.0,0.0,81.0,813.0
2021-03-06,1680,3,2548,21076,650.0,1678.0,2.0,0.0,0.0,181.0,87.0,1143.0,129.0,63.0,118.0,87.0,448.0,348.0,202.0,145.0,78.0,36.0,15.0,0.0,0.0,64.0,15.0,0.0,54.0,428.0
2021-03-07,1683,10,2506,20248,649.0,1681.0,2.0,0.0,0.0,121.0,97.0,1235.0,110.0,50.0,71.0,97.0,506.0,380.0,220.0,129.0,69.0,31.0,10.0,0.0,1.0,60.0,1.0,0.0,61.0,454.0
2021-03-08,1529,9,2076,19695,361.0,1522.0,7.0,0.0,0.0,147.0,88.0,1152.0,110.0,55.0,92.0,88.0,446.0,352.0,224.0,130.0,72.0,25.0,13.0,0.0,6.0,34.0,1.0,0.0,34.0,232.0
2021-03-09,1280,2,2345,18622,530.0,1277.0,3.0,0.0,0.0,113.0,46.0,1028.0,77.0,40.0,73.0,46.0,372.0,321.0,214.0,121.0,45.0,23.0,9.0,0.0,0.0,97.0,13.0,0.0,5.0,357.0
2021-03-10,1448,10,2137,17926,765.0,1446.0,2.0,0.0,0.0,127.0,60.0,1161.0,85.0,41.0,86.0,60.0,417.0,415.0,213.0,116.0,58.0,22.0,5.0,8.0,0.0,87.0,2.0,0.0,15.0,587.0
2021-03-11,1647,5,2104,17465,664.0,1628.0,19.0,0.0,0.0,103.0,59.0,1291.0,121.0,43.0,60.0,59.0,473.0,417.0,248.0,153.0,87.0,25.0,9.0,0.0,2.0,88.0,4.0,0.0,116.0,399.0
2021-03-12,1575,7,2042,16995,444.0,1570.0,5.0,0.0,0.0,147.0,84.0,1123.0,132.0,58.0,89.0,84.0,414.0,336.0,210.0,163.0,92.0,29.0,11.0,0.0,0.0,53.0,3.0,0.0,69.0,244.0
2021-03-13,1470,12,1830,16632,518.0,1453.0,17.0,0.0,0.0,127.0,65.0,1050.0,128.0,49.0,78.0,65.0,379.0,357.0,194.0,120.0,86.0,27.0,15.0,0.0,0.0,53.0,0.0,0.0,89.0,270.0
2021-03-14,1354,14,1782,16200,431.0,1341.0,12.0,1.0,0.0,137.0,66.0,1004.0,105.0,57.0,80.0,66.0,394.0,302.0,196.0,112.0,69.0,24.0,12.0,0.0,0.0,48.0,0.0,0.0,64.0,209.0
2021-03-15,1208,9,1973,15431,430.0,1192.0,15.0,1.0,0.0,119.0,82.0,890.0,79.0,44.0,75.0,82.0,384.0,238.0,174.0,94.0,56.0,14.0,9.0,0.0,1.0,59.0,1.0,0.0,6.0,238.0
2021-03-16,1063,4,1365,15126,426.0,1050.0,13.0,0.0,0.0,133.0,60.0,767.0,92.0,58.0,75.0,60.0,292.0,247.0,138.0,90.0,64.0,22.0,6.0,0.0,1.0,76.0,0.0,0.0,8.0,247.0
2021-03-17,1219,7,1346,14997,607.0,1205.0,14.0,0.0,0.0,101.0,54.0,790.0,77.0,39.0,62.0,54.0,307.0,235.0,151.0,97.0,47.0,22.0,8.0,4.0,1.0,88.0,0.0,0.0,39.0,377.0
2021-03-18,1213,6,1503,14706,488.0,1200.0,13.0,0.0,0.0,132.0,70.0,860.0,90.0,45.0,87.0,70.0,343.0,269.0,137.0,111.0,63.0,21.0,6.0,0.0,0.0,49.0,2.0,0.0,142.0,195.0
2021-03-19,1576,11,1996,14285,944.0,1560.0,15.0,1.0,0.0,137.0,67.0,1233.0,101.0,63.0,74.0,67.0,515.0,418.0,190.0,110.0,63.0,30.0,8.0,0.0,0.0,80.0,0.0,0.0,298.0,454.0
2021-03-20,1671,2,1585,14366,744.0,1650.0,21.0,0.0,0.0,144.0,64.0,1333.0,112.0,51.0,93.0,64.0,487.0,461.0,249.0,136.0,84.0,19.0,9.0,0.0,0.0,53.0,3.0,0.0,236.0,326.0
2021-03-21,1327,11,1247,14441,632.0,1312.0,15.0,0.0,0.0,116.0,57.0,1048.0,82.0,42.0,74.0,57.0,410.0,342.0,202.0,94.0,55.0,18.0,9.0,3.0,0.0,67.0,0.0,14.0,0.0,343.0
2021-03-22,1116,8,1495,14060,597.0,1110.0,6.0,0.0,0.0,94.0,47.0,903.0,59.0,34.0,60.0,47.0,382.0,317.0,123.0,81.0,35.0,16.0,8.0,0.0,0.0,19.0,1.0,10.0,111.0,361.0
2021-03-23,1384,9,1058,14384,762.0,1363.0,20.0,1.0,0.0,111.0,62.0,1096.0,96.0,29.0,82.0,62.0,452.0,365.0,172.0,107.0,66.0,22.0,8.0,2.0,0.0,35.0,0.0,8.0,37.0,592.0
2021-03-24,1268,5,1083,14565,614.0,1251.0,17.0,0.0,0.0,128.0,64.0,988.0,72.0,47.0,81.0,64.0,379.0,341.0,165.0,103.0,53.0,14.0,5.0,0.0,0.0,34.0,22.0,7.0,41.0,385.0
2021-03-25,1360,1,1491,14432,591.0,1343.0,17.0,0.0,0.0,166.0,63.0,992.0,121.0,66.0,100.0,63.0,376.0,315.0,178.0,123.0,87.0,31.0,3.0,0.0,0.0,110.0,1.0,16.0,62.0,207.0
2021-03-26,1275,32,1509,14197,509.0,1264.0,10.0,1.0,0.0,152.0,72.0,918.0,98.0,55.0,97.0,72.0,337.0,277.0,185.0,119.0,68.0,21.0,9.0,0.0,0.0,47.0,0.0,31.0,22.0,300.0
2021-03-27,1199,5,1257,14131,494.0,1187.0,12.0,0.0,0.0,185.0,102.0,799.0,77.0,48.0,137.0,102.0,308.0,233.0,151.0,107.0,49.0,20.0,8.0,0.0,0.0,117.0,6.0,32.0,8.0,243.0
2021-03-28,1302,9,1127,14303,650.0,1290.0,12.0,0.0,0.0,132.0,74.0,983.0,102.0,50.0,82.0,74.0,400.0,289.0,162.0,132.0,61.0,26.0,15.0,0.0,0.0,28.0,0.0,22.0,283.0,223.0
2021-03-29,941,8,1097,14143,345.0,929.0,12.0,0.0,0.0,96.0,52.0,708.0,74.0,27.0,69.0,52.0,267.0,247.0,105.0,89.0,44.0,24.0,6.0,0.0,0.0,26.0,0.0,21.0,63.0,155.0
2021-03-30,1133,8,1148,14122,550.0,1117.0,15.0,1.0,0.0,121.0,68.0,859.0,74.0,34.0,87.0,68.0,337.0,303.0,136.0,83.0,52.0,18.0,4.0,0.0,0.0,41.0,1.0,28.0,87.0,213.0
2021-03-31,1482,2,1070,14525,849.0,1462.0,20.0,0.0,0.0,141.0,85.0,1166.0,82.0,45.0,96.0,85.0,482.0,379.0,186.0,119.0,53.0,24.0,5.0,0.0,0.0,47.0,7.0,62.0,39.0,540.0
2021-04-01,1178,20,1377,14323,462.0,1170.0,8.0,0.0,0.0,109.0,74.0,871.0,100.0,37.0,72.0,74.0,342.0,275.0,157.0,97.0,66.0,30.0,4.0,0.0,0.0,46.0,3.0,25.0,31.0,270.0
2021-04-02,1294,26,1442,14173,551.0,1286.0,8.0,0.0,0.0,125.0,60.0,919.0,107.0,44.0,81.0,60.0,358.0,289.0,152.0,120.0,74.0,19.0,14.0,0.0,0.0,43.0,16.0,23.0,22.0,330.0
2021-04-03,1638,7,1449,14357,898.0,1629.0,9.0,0.0,0.0,136.0,91.0,1275.0,100.0,49.0,87.0,91.0,448.0,554.0,172.0,101.0,65.0,29.0,6.0,0.0,0.0,111.0,4.0,19.0,15.0,624.0
2021-04-04,1349,7,1270,14430,654.0,1341.0,8.0,0.0,0.0,131.0,71.0,885.0,100.0,58.0,73.0,71.0,331.0,280.0,149.0,125.0,73.0,20.0,7.0,0.0,0.0,105.0,7.0,18.0,197.0,254.0
2021-04-05,1070,9,1294,14202,367.0,1060.0,10.0,0.0,0.0,122.0,61.0,783.0,93.0,44.0,78.0,61.0,304.0,239.0,146.0,94.0,69.0,15.0,9.0,0.0,0.0,97.0,1.0,26.0,14.0,116.0
2021-04-06,1300,24,1412,14087,563.0,1289.0,10.0,1.0,0.0,120.0,94.0,886.0,77.0,37.0,83.0,94.0,300.0,289.0,169.0,128.0,58.0,14.0,5.0,0.0,9.0,70.0,0.0,35.0,144.0,176.0
2021-04-07,1139,13,1199,14025,450.0,1122.0,17.0,0.0,0.0,127.0,68.0,811.0,128.0,48.0,79.0,68.0,260.0,284.0,137.0,130.0,78.0,42.0,8.0,4.0,1.0,179.0,13.0,8.0,27.0,156.0
2021-04-08,1285,17,1175,14129,438.0,1272.0,11.0,2.0,0.0,90.0,77.0,1014.0,98.0,40.0,50.0,77.0,357.0,371.0,173.0,113.0,66.0,23.0,9.0,0.0,5.0,63.0,0.0,13.0,105.0,186.0
2021-04-09,1854,20,1247,14729,681.0,1821.0,31.0,2.0,0.0,201.0,117.0,1349.0,174.0,69.0,132.0,117.0,479.0,421.0,250.0,199.0,124.0,38.0,12.0,0.0,2.0,190.0,0.0,32.0,58.0,241.0
2021-04-10,1510,5,1248,14988,466.0,1495.0,13.0,2.0,0.0,159.0,115.0,1077.0,149.0,57.0,102.0,115.0,377.0,348.0,210.0,142.0,101.0,35.0,13.0,0.0,2.0,91.0,3.0,8.0,34.0,131.0
2021-04-11,1739,8,1216,15505,742.0,1721.0,15.0,3.0,0.0,159.0,104.0,1300.0,143.0,53.0,106.0,104.0,490.0,401.0,247.0,162.0,91.0,44.0,8.0,0.0,2.0,141.0,0.0,25.0,56.0,339.0
2021-04-12,1317,12,1052,15759,456.0,1308.0,9.0,0.0,0.0,123.0,80.0,918.0,142.0,44.0,79.0,80.0,332.0,282.0,173.0,131.0,98.0,34.0,10.0,0.0,0.0,71.0,0.0,3.0,8.0,236.0
2021-04-13,1767,9,1290,16231,668.0,1758.0,7.0,2.0,0.0,172.0,87.0,1336.0,154.0,66.0,106.0,87.0,585.0,358.0,198.0,195.0,104.0,37.0,13.0,0.0,7.0,142.0,1.0,47.0,21.0,342.0
2021-04-14,1889,6,1485,16630,689.0,1869.0,16.0,4.0,0.0,181.0,219.0,1221.0,166.0,71.0,110.0,219.0,449.0,395.0,196.0,181.0,116.0,41.0,9.0,0.0,28.0,116.0,1.0,59.0,94.0,235.0
2021-04-15,2148,19,1259,17515,896.0,2132.0,10.0,6.0,0.0,188.0,234.0,1500.0,202.0,60.0,128.0,234.0,608.0,457.0,275.0,160.0,122.0,60.0,20.0,0.0,33.0,270.0,0.0,118.0,57.0,332.0
2021-04-16,2551,29,1524,18536,990.0,2531.0,17.0,3.0,0.0,214.0,169.0,1961.0,179.0,71.0,143.0,169.0,953.0,493.0,297.0,218.0,113.0,51.0,15.0,0.0,34.0,93.0,0.0,446.0,82.0,227.0
2021-04-17,2331,12,1832,19024,659.0,2306.0,22.0,3.0,0.0,229.0,327.0,1570.0,172.0,79.0,150.0,327.0,647.0,461.0,277.0,185.0,127.0,29.0,16.0,0.0,37.0,99.0,0.0,185.0,39.0,179.0
2021-04-18,2195,10,1427,19784,791.0,2174.0,18.0,3.0,0.0,206.0,212.0,1517.0,171.0,80.0,126.0,212.0,614.0,455.0,263.0,185.0,118.0,35.0,18.0,0.0,19.0,74.0,0.0,183.0,18.0,356.0
2021-04-19,2078,13,1402,20450,628.0,2061.0,14.0,3.0,0.0,200.0,259.0,1420.0,179.0,81.0,119.0,259.0,526.0,411.0,265.0,218.0,114.0,46.0,19.0,0.0,17.0,182.0,0.0,175.0,13.0,171.0
2021-04-20,2341,7,1592,21189,598.0,2322.0,15.0,4.0,0.0,241.0,342.0,1552.0,194.0,100.0,141.0,342.0,607.0,449.0,297.0,199.0,121.0,56.0,17.0,0.0,3.0,121.0,0.0,235.0,4.0,95.0
2021-04-21,2340,12,1910,21610,759.0,2317.0,15.0,8.0,0.0,202.0,413.0,1498.0,201.0,84.0,118.0,413.0,566.0,443.0,273.0,216.0,123.0,61.0,17.0,0.0,14.0,121.0,0.0,325.0,40.0,120.0
2021-04-22,2875,29,2541,21938,983.0,2841.0,29.0,5.0,0.0,290.0,540.0,1788.0,230.0,104.0,186.0,540.0,658.0,509.0,375.0,246.0,149.0,64.0,17.0,0.0,37.0,65.0,1.0,501.0,51.0,152.0
2021-04-23,2847,4,2341,22429,751.0,2810.0,23.0,14.0,0.0,296.0,322.0,1884.0,252.0,96.0,200.0,322.0,769.0,513.0,339.0,263.0,179.0,65.0,8.0,0.0,17.0,131.0,0.0,283.0,62.0,97.0
2021-04-24,2717,27,2292,22846,671.0,2676.0,29.0,12.0,0.0,297.0,381.0,1768.0,244.0,102.0,195.0,381.0,630.0,543.0,331.0,264.0,143.0,87.0,14.0,0.0,19.0,108.0,0.0,242.0,21.0,128.0
2021-04-25,2690,10,1853,23662,846.0,2658.0,25.0,7.0,0.0,281.0,279.0,1781.0,273.0,89.0,192.0,279.0,617.0,506.0,393.0,265.0,185.0,75.0,13.0,0.0,50.0,121.0,0.0,166.0,18.0,349.0
2021-04-26,2776,4,1803,24621,806.0,2746.0,23.0,7.0,0.0,287.0,255.0,1859.0,286.0,97.0,190.0,255.0,659.0,595.0,329.0,276.0,203.0,68.0,15.0,0.0,56.0,113.0,0.0,105.0,17.0,287.0
2021-04-27,2733,5,2019,25325,721.0,2696.0,22.0,15.0,0.0,302.0,318.0,1813.0,266.0,88.0,214.0,318.0,703.0,489.0,362.0,259.0,182.0,57.0,27.0,0.0,17.0,105.0,17.0,161.0,36.0,256.0
2021-04-28,3142,13,1822,26631,677.0,3099.0,28.0,15.0,0.0,353.0,358.0,2057.0,363.0,97.0,256.0,358.0,742.0,560.0,435.0,320.0,237.0,98.0,28.0,0.0,34.0,144.0,18.0,213.0,5.0,57.0
2021-04-29,3332,9,1943,27998,690.0,3284.0,37.0,11.0,0.0,369.0,341.0,2182.0,371.0,105.0,264.0,341.0,783.0,646.0,419.0,334.0,220.0,126.0,25.0,0.0,47.0,138.0,1.0,151.0,45.0,127.0
2021-04-30,3788,2,2640,29125,1069.0,3730.0,39.0,19.0,0.0,427.0,473.0,2420.0,405.0,127.0,300.0,473.0,815.0,708.0,490.0,407.0,266.0,102.0,37.0,0.0,36.0,208.0,11.0,271.0,42.0,217.0
2021-05-01,2881,16,2462,29528,873.0,2826.0,40.0,15.0,0.0,345.0,279.0,1899.0,308.0,95.0,250.0,279.0,710.0,553.0,347.0,289.0,197.0,89.0,22.0,0.0,41.0,124.0,0.0,260.0,97.0,166.0
2021-05-02,3418,10,2698,30228,1084.0,3368.0,38.0,12.0,0.0,454.0,390.0,2182.0,336.0,150.0,304.0,390.0,730.0,658.0,446.0,348.0,228.0,85.0,23.0,0.0,26.0,253.0,1.0,306.0,6.0,172.0
2021-05-03,2500,4,2068,30637,737.0,2468.0,24.0,8.0,0.0,290.0,239.0,1683.0,273.0,86.0,204.0,239.0,575.0,509.0,330.0,269.0,185.0,70.0,18.0,0.0,86.0,124.0,0.0,142.0,7.0,245.0
2021-05-04,3120,6,2334,31409,839.0,3062.0,36.0,22.0,0.0,348.0,289.0,2074.0,356.0,121.0,227.0,289.0,740.0,585.0,404.0,345.0,247.0,82.0,27.0,0.0,50.0,152.0,0.0,230.0,70.0,199.0
2021-05-05,3744,7,2304,32819,743.0,3673.0,48.0,23.0,0.0,383.0,303.0,2598.0,434.0,130.0,253.0,303.0,970.0,727.0,512.0,389.0,295.0,107.0,32.0,0.0,34.0,141.0,0.0,126.0,34.0,204.0
2021-05-06,3551,16,2709,33633,924.0,3485.0,44.0,22.0,0.0,376.0,241.0,2500.0,418.0,124.0,252.0,241.0,910.0,700.0,493.0,397.0,263.0,132.0,23.0,0.0,58.0,121.0,9.0,195.0,3.0,360.0
2021-05-07,4498,5,3449,34651,1132.0,4419.0,62.0,17.0,0.0,611.0,372.0,2968.0,524.0,173.0,438.0,372.0,967.0,873.0,635.0,493.0,350.0,139.0,35.0,0.0,110.0,213.0,2.0,168.0,4.0,376.0
2021-05-08,4519,5,2719,36422,993.0,4451.0,52.0,16.0,0.0,486.0,297.0,3050.0,537.0,153.0,333.0,297.0,1086.0,877.0,589.0,498.0,365.0,137.0,35.0,0.0,91.0,124.0,5.0,67.0,10.0,433.0
2021-05-09,3733,6,3211,36923,856.0,3665.0,43.0,25.0,0.0,437.0,238.0,2599.0,422.0,139.0,298.0,238.0,959.0,764.0,461.0,415.0,286.0,108.0,28.0,0.0,54.0,143.0,8.0,83.0,4.0,378.0
2021-05-10,3807,5,3454,37241,782.0,3721.0,63.0,23.0,0.0,452.0,291.0,2544.0,495.0,159.0,293.0,291.0,877.0,707.0,475.0,485.0,313.0,142.0,40.0,0.0,129.0,216.0,0.0,84.0,1.0,210.0
2021-05-11,3973,5,2848,38322,1001.0,3895.0,46.0,32.0,0.0,442.0,296.0,2779.0,427.0,186.0,256.0,296.0,1042.0,795.0,501.0,441.0,296.0,103.0,28.0,0.0,90.0,137.0,18.0,207.0,0.0,181.0
2021-05-12,4765,7,3124,39913,1004.0,4678.0,61.0,26.0,0.0,460.0,324.0,3355.0,582.0,164.0,296.0,324.0,1198.0,980.0,655.0,522.0,400.0,149.0,33.0,0.0,38.0,169.0,4.0,137.0,46.0,382.0
2021-05-13,4855,3,3347,41383,1062.0,4748.0,77.0,30.0,0.0,465.0,480.0,3288.0,577.0,181.0,284.0,480.0,1194.0,977.0,608.0,509.0,364.0,156.0,57.0,0.0,69.0,180.0,3.0,255.0,0.0,323.0
2021-05-14,4113,1,4190,41262,994.0,3999.0,89.0,25.0,0.0,458.0,273.0,2751.0,586.0,179.0,279.0,273.0,983.0,794.0,513.0,461.0,387.0,162.0,37.0,0.0,111.0,215.0,28.0,52.0,0.0,383.0
2021-05-15,4140,9,3432,41922,999.0,4014.0,92.0,34.0,0.0,446.0,235.0,2778.0,605.0,165.0,281.0,235.0,1016.0,814.0,539.0,409.0,429.0,137.0,39.0,0.0,169.0,179.0,13.0,57.0,29.0,397.0
2021-05-16,3780,2,3990,41668,914.0,3675.0,81.0,24.0,0.0,403.0,268.0,2559.0,521.0,160.0,243.0,268.0,913.0,696.0,492.0,458.0,367.0,124.0,30.0,0.0,158.0,111.0,3.0,49.0,0.0,262.0
2021-05-17,4446,3,2784,43279,852.0,4327.0,86.0,33.0,0.0,434.0,307.0,2986.0,681.0,179.0,255.0,307.0,1063.0,842.0,583.0,498.0,460.0,166.0,55.0,0.0,131.0,203.0,7.0,74.0,0.0,230.0
2021-05-18,4865,5,3497,44589,867.0,4730.0,88.0,47.0,0.0,519.0,331.0,3338.0,658.0,211.0,308.0,331.0,1226.0,935.0,607.0,570.0,450.0,154.0,54.0,0.0,158.0,182.0,6.0,74.0,0.0,181.0
2021-05-19,6075,3,3516,47096,1547.0,5906.0,102.0,67.0,0.0,610.0,381.0,4225.0,784.0,248.0,362.0,381.0,1489.0,1312.0,745.0,679.0,536.0,188.0,60.0,0.0,267.0,193.0,1.0,107.0,0.0,687.0
2021-05-20,6806,2,3916,49940,1594.0,6615.0,118.0,73.0,0.0,668.0,466.0,4759.0,844.0,255.0,413.0,466.0,1720.0,1336.0,931.0,772.0,560.0,220.0,64.0,0.0,359.0,230.0,16.0,158.0,0.0,527.0
2021-05-21,6493,2,4508,51865,1243.0,6298.0,106.0,89.0,0.0,694.0,419.0,4571.0,753.0,260.0,434.0,419.0,1666.0,1260.0,904.0,741.0,503.0,201.0,49.0,0.0,310.0,149.0,1.0,75.0,2.0,362.0
2021-05-22,6320,3,4694,53407,1318.0,6107.0,127.0,86.0,0.0,788.0,428.0,4178.0,830.0,313.0,475.0,428.0,1512.0,1208.0,788.0,670.0,520.0,230.0,80.0,0.0,240.0,230.0,25.0,38.0,0.0,365.0
2021-05-23,6976,9,3587,56727,1586.0,6740.0,135.0,101.0,0.0,852.0,438.0,4626.0,899.0,319.0,533.0,438.0,1829.0,1295.0,796.0,706.0,589.0,226.0,84.0,0.0,336.0,317.0,15.0,50.0,6.0,422.0
2021-05-24,6509,26,3452,59718,1481.0,6296.0,120.0,93.0,0.0,793.0,482.0,4472.0,701.0,295.0,498.0,482.0,1688.0,1299.0,830.0,655.0,466.0,184.0,51.0,19.0,244.0,310.0,25.0,45.0,12.0,505.0
2021-05-25,7289,4,3789,63144,1388.0,7060.0,132.0,97.0,0.0,933.0,533.0,4944.0,833.0,388.0,545.0,533.0,1893.0,1389.0,888.0,774.0,549.0,211.0,73.0,0.0,278.0,312.0,43.0,43.0,0.0,367.0
2021-05-26,7478,5,4665,65866,1288.0,7246.0,125.0,107.0,0.0,950.0,501.0,5103.0,836.0,367.0,583.0,501.0,1940.0,1457.0,885.0,821.0,564.0,209.0,63.0,0.0,259.0,234.0,5.0,63.0,0.0,411.0
2021-05-27,7857,9,4598,69062,1495.0,7582.0,147.0,128.0,0.0,990.0,578.0,5390.0,832.0,407.0,583.0,578.0,2024.0,1569.0,956.0,841.0,555.0,203.0,74.0,0.0,247.0,311.0,14.0,43.0,48.0,335.0
2021-05-28,8290,2,4814,72433,1842.0,8026.0,150.0,114.0,0.0,1073.0,627.0,5564.0,871.0,428.0,645.0,627.0,2154.0,1557.0,987.0,866.0,568.0,226.0,77.0,0.0,294.0,298.0,7.0,57.0,60.0,625.0
2021-05-29,9020,6,5527,75851,1704.0,8709.0,165.0,146.0,0.0,1193.0,619.0,6110.0,920.0,477.0,716.0,619.0,2302.0,1702.0,1145.0,961.0,638.0,225.0,57.0,0.0,328.0,385.0,18.0,30.0,78.0,486.0
2021-05-30,6999,4,5121,77620,1366.0,6763.0,142.0,94.0,0.0,939.0,475.0,4656.0,748.0,383.0,556.0,475.0,1817.0,1370.0,837.0,632.0,504.0,188.0,56.0,0.0,161.0,641.0,117.0,399.0,0.0,1091.0
2021-05-31,6824,3,5251,79096,1331.0,6585.0,137.0,102.0,0.0,985.0,518.0,4456.0,750.0,366.0,619.0,518.0,1742.0,1267.0,805.0,642.0,515.0,187.0,48.0,0.0,148.0,268.0,14.0,33.0,0.0,620.0
2021-06-01,7105,2,6083,80024,1362.0,6828.0,154.0,123.0,0.0,966.0,526.0,4800.0,758.0,374.0,592.0,526.0,1944.0,1377.0,786.0,693.0,482.0,208.0,68.0,0.0,201.0,309.0,22.0,33.0,0.0,469.0
2021-06-02,7703,2,5777,81863,1434.0,7394.0,167.0,142.0,0.0,1027.0,507.0,5265.0,706.0,421.0,606.0,507.0,2148.0,1471.0,938.0,708.0,453.0,193.0,60.0,0.0,145.0,265.0,16.0,24.0,54.0,538.0
2021-06-03,8209,64,7049,82913,1820.0,7930.0,143.0,136.0,0.0,929.0,535.0,5766.0,776.0,384.0,545.0,535.0,2279.0,1720.0,980.0,787.0,518.0,202.0,56.0,54.0,197.0,270.0,3.0,22.0,5.0,903.0
2021-06-04,7748,2,6624,83954,1708.0,7445.0,181.0,122.0,0.0,956.0,494.0,5276.0,740.0,392.0,564.0,494.0,2071.0,1517.0,909.0,779.0,485.0,182.0,73.0,0.0,83.0,213.0,4.0,70.0,2.0,879.0
2021-06-05,7452,8,6105,85211,1727.0,7174.0,156.0,122.0,0.0,926.0,491.0,5044.0,718.0,348.0,578.0,491.0,2025.0,1444.0,872.0,703.0,492.0,156.0,70.0,0.0,148.0,274.0,17.0,8.0,66.0,791.0
2021-06-06,6241,14,5133,86240,1290.0,5963.0,166.0,112.0,0.0,858.0,366.0,4287.0,559.0,341.0,517.0,366.0,1744.0,1247.0,715.0,581.0,364.0,146.0,49.0,0.0,64.0,250.0,3.0,35.0,58.0,601.0
2021-06-07,5271,14,7548,83880,1113.0,5003.0,148.0,120.0,0.0,680.0,376.0,3659.0,514.0,252.0,428.0,376.0,1474.0,995.0,651.0,539.0,322.0,140.0,52.0,0.0,66.0,233.0,31.0,34.0,11.0,442.0
2021-06-08,5566,4,6962,82411,1522.0,5338.0,143.0,85.0,0.0,681.0,357.0,3889.0,486.0,266.0,415.0,357.0,1541.0,1144.0,654.0,550.0,305.0,125.0,56.0,0.0,72.0,268.0,72.0,31.0,7.0,830.0
2021-06-09,6239,11,7386,81171,1397.0,5970.0,154.0,115.0,0.0,755.0,415.0,4290.0,564.0,296.0,459.0,415.0,1666.0,1242.0,711.0,671.0,372.0,137.0,55.0,0.0,47.0,212.0,23.0,28.0,109.0,589.0
2021-06-10,5671,8,7325,79449,1453.0,5392.0,155.0,124.0,0.0,754.0,396.0,3892.0,545.0,292.0,462.0,396.0,1467.0,1144.0,718.0,563.0,366.0,141.0,38.0,0.0,66.0,218.0,21.0,48.0,4.0,825.0
2021-06-11,6849,4,7749,78483,2429.0,6544.0,195.0,110.0,0.0,698.0,405.0,4787.0,509.0,283.0,415.0,405.0,1769.0,1545.0,850.0,623.0,327.0,132.0,50.0,0.0,39.0,185.0,45.0,22.0,30.0,1865.0
2021-06-12,5793,6,8334,75859,1517.0,5524.0,161.0,108.0,0.0,722.0,398.0,3908.0,500.0,285.0,437.0,398.0,1488.0,1180.0,704.0,536.0,331.0,123.0,46.0,1.0,28.0,233.0,24.0,12.0,44.0,859.0
2021-06-13,5304,5,8163,72927,1622.0,5058.0,155.0,91.0,0.0,649.0,334.0,3672.0,415.0,257.0,392.0,334.0,1557.0,998.0,630.0,487.0,274.0,104.0,37.0,0.0,39.0,201.0,13.0,33.0,0.0,931.0
2021-06-14,4949,6,6588,71197,1458.0,4687.0,170.0,92.0,0.0,590.0,327.0,3469.0,469.0,237.0,353.0,327.0,1426.0,977.0,639.0,427.0,295.0,112.0,62.0,0.0,13.0,144.0,46.0,15.0,35.0,881.0
2021-06-15,5419,6,6831,69706,1591.0,5138.0,183.0,98.0,0.0,686.0,358.0,3654.0,541.0,262.0,424.0,358.0,1464.0,1040.0,618.0,532.0,302.0,145.0,94.0,0.0,25.0,218.0,65.0,4.0,3.0,843.0
2021-06-16,5150,3,7240,67535,1141.0,4837.0,220.0,93.0,0.0,638.0,355.0,3494.0,496.0,275.0,363.0,355.0,1301.0,1036.0,630.0,527.0,281.0,143.0,72.0,0.0,7.0,130.0,46.0,4.0,2.0,618.0
2021-06-17,5738,3,7530,65662,1692.0,5425.0,208.0,105.0,0.0,699.0,387.0,4122.0,456.0,280.0,419.0,387.0,1603.0,1247.0,754.0,518.0,293.0,125.0,38.0,0.0,12.0,239.0,16.0,7.0,31.0,1094.0
2021-06-18,6440,5,6861,65160,2338.0,6133.0,198.0,109.0,0.0,696.0,337.0,4180.0,485.0,286.0,410.0,337.0,1519.0,1358.0,801.0,502.0,310.0,112.0,63.0,0.0,18.0,158.0,49.0,1.0,101.0,1348.0
2021-06-19,5911,1,6918,64086,2192.0,5535.0,269.0,107.0,0.0,643.0,331.0,4185.0,449.0,238.0,405.0,331.0,1601.0,1366.0,743.0,475.0,303.0,103.0,43.0,0.0,10.0,266.0,82.0,23.0,263.0,1163.0
2021-06-20,5293,7,5941,63363,1835.0,5012.0,207.0,74.0,0.0,636.0,354.0,3566.0,383.0,245.0,391.0,354.0,1410.0,1089.0,639.0,428.0,238.0,97.0,48.0,0.0,19.0,192.0,33.0,4.0,78.0,1116.0
2021-06-21,4611,8,5439,62454,1783.0,4301.0,228.0,82.0,0.0,548.0,304.0,3121.0,372.0,219.0,329.0,304.0,1185.0,933.0,625.0,378.0,234.0,101.0,37.0,0.0,3.0,312.0,16.0,1.0,221.0,917.0
2021-06-22,4743,2,5557,61552,1469.0,4374.0,278.0,91.0,0.0,647.0,290.0,3244.0,462.0,259.0,388.0,290.0,1284.0,1000.0,552.0,408.0,308.0,107.0,47.0,0.0,10.0,219.0,36.0,15.0,85.0,826.0
2021-06-23,5244,7,6372,60340,1704.0,4809.0,334.0,101.0,0.0,642.0,307.0,3649.0,448.0,249.0,393.0,307.0,1451.0,1091.0,644.0,463.0,276.0,123.0,49.0,0.0,24.0,316.0,32.0,33.0,46.0,805.0
2021-06-24,5841,8,5411,60690,1881.0,5349.0,377.0,115.0,0.0,747.0,379.0,4015.0,517.0,294.0,453.0,379.0,1627.0,1136.0,732.0,520.0,350.0,122.0,45.0,0.0,11.0,372.0,43.0,5.0,79.0,1059.0
2021-06-25,5812,32,6775,59649,2146.0,5355.0,323.0,134.0,0.0,571.0,329.0,4108.0,431.0,238.0,333.0,329.0,1540.0,1398.0,704.0,466.0,287.0,103.0,41.0,0.0,0.0,386.0,33.0,17.0,84.0,1318.0
2021-06-26,5803,10,5193,60172,2060.0,5295.0,394.0,114.0,0.0,573.0,326.0,4280.0,464.0,210.0,363.0,326.0,1620.0,1439.0,744.0,477.0,317.0,120.0,27.0,0.0,13.0,225.0,16.0,21.0,203.0,1133.0
2021-06-27,5586,3,4777,60909,2131.0,5033.0,421.0,132.0,0.0,566.0,316.0,4174.0,424.0,232.0,334.0,316.0,1680.0,1273.0,742.0,479.0,274.0,101.0,49.0,0.0,2.0,240.0,58.0,4.0,202.0,1325.0
2021-06-28,5218,7,4744,61292,1770.0,4765.0,342.0,111.0,0.0,644.0,348.0,3755.0,385.0,233.0,411.0,348.0,1486.0,1203.0,630.0,436.0,261.0,92.0,32.0,0.0,1.0,278.0,12.0,18.0,111.0,1074.0
2021-06-29,6437,14,5298,62340,2351.0,5850.0,425.0,162.0,0.0,744.0,367.0,4191.0,517.0,296.0,448.0,367.0,1620.0,1391.0,649.0,531.0,332.0,141.0,44.0,0.0,2.0,444.0,32.0,5.0,86.0,1332.0
2021-06-30,6276,16,4929,63577,1685.0,5602.0,504.0,170.0,0.0,781.0,377.0,4401.0,507.0,322.0,459.0,377.0,1714.0,1328.0,789.0,570.0,319.0,123.0,65.0,0.0,8.0,259.0,62.0,9.0,104.0,877.0
2021-07-01,6988,5,5580,64887,2268.0,6166.0,646.0,176.0,0.0,809.0,379.0,4843.0,503.0,348.0,461.0,379.0,1935.0,1501.0,885.0,522.0,324.0,134.0,45.0,0.0,0.0,305.0,41.0,23.0,209.0,1341.0
2021-07-02,6982,3,6278,65484,2198.0,6191.0,589.0,202.0,0.0,744.0,413.0,5084.0,524.0,321.0,423.0,413.0,2070.0,1500.0,911.0,603.0,343.0,134.0,47.0,0.0,10.0,339.0,99.0,2.0,13.0,1358.0
2021-07-03,6658,11,5677,66349,1917.0,5884.0,590.0,184.0,0.0,793.0,408.0,4565.0,484.0,326.0,467.0,408.0,1856.0,1386.0,782.0,541.0,321.0,121.0,42.0,0.0,0.0,244.0,13.0,3.0,187.0,1152.0
2021-07-04,6045,20,5271,67009,1799.0,5294.0,590.0,161.0,0.0,825.0,383.0,4212.0,464.0,345.0,480.0,383.0,1664.0,1287.0,764.0,497.0,273.0,129.0,62.0,0.0,7.0,297.0,73.0,10.0,34.0,1121.0
2021-07-05,6387,26,4532,68764,1947.0,5552.0,623.0,212.0,0.0,741.0,352.0,4683.0,439.0,322.0,419.0,352.0,1862.0,1436.0,823.0,562.0,297.0,104.0,38.0,0.0,0.0,350.0,55.0,0.0,40.0,1182.0
2021-07-06,7654,11,4797,71508,2463.0,6702.0,735.0,217.0,0.0,937.0,400.0,4978.0,522.0,403.0,534.0,400.0,2049.0,1533.0,825.0,571.0,346.0,133.0,43.0,0.0,0.0,288.0,42.0,45.0,46.0,1746.0
2021-07-07,7097,26,4863,73587,2106.0,6156.0,727.0,214.0,0.0,822.0,456.0,5029.0,479.0,314.0,508.0,456.0,2001.0,1504.0,962.0,562.0,309.0,132.0,38.0,0.0,1.0,370.0,82.0,92.0,166.0,927.0
2021-07-08,8868,10,5802,76495,2704.0,7544.0,1029.0,295.0,0.0,870.0,493.0,6533.0,682.0,367.0,503.0,493.0,2659.0,2012.0,1117.0,745.0,456.0,161.0,65.0,0.0,6.0,474.0,75.0,23.0,25.0,1645.0
2021-07-09,9180,7,5713,79780,2343.0,7875.0,1016.0,289.0,0.0,1078.0,517.0,6471.0,637.0,420.0,658.0,517.0,2533.0,2062.0,1152.0,724.0,439.0,156.0,42.0,0.0,2.0,339.0,41.0,5.0,169.0,1462.0
2021-07-10,9353,11,5910,83074,3016.0,7916.0,1101.0,336.0,0.0,910.0,485.0,6453.0,651.0,352.0,558.0,485.0,2656.0,1934.0,1114.0,749.0,437.0,164.0,50.0,0.0,12.0,359.0,73.0,13.0,80.0,2135.0
2021-07-11,9105,18,5194,86801,2199.0,7557.0,1208.0,340.0,0.0,1136.0,556.0,6492.0,661.0,452.0,684.0,556.0,2461.0,2052.0,1223.0,756.0,441.0,172.0,48.0,0.0,4.0,496.0,54.0,1.0,15.0,1271.0
2021-07-12,8574,40,5041,90158,1843.0,7155.0,1097.0,322.0,0.0,1148.0,580.0,5993.0,649.0,481.0,667.0,580.0,2427.0,1833.0,1043.0,690.0,458.0,135.0,56.0,0.0,3.0,356.0,52.0,7.0,138.0,931.0
2021-07-13,11079,27,5990,95054,2700.0,9147.0,1470.0,462.0,0.0,1502.0,708.0,7622.0,759.0,624.0,878.0,708.0,2944.0,2390.0,1390.0,898.0,521.0,178.0,60.0,0.0,6.0,587.0,41.0,0.0,214.0,1375.0
2021-07-14,11618,26,6377,100116,2304.0,9326.0,1771.0,521.0,0.0,1620.0,699.0,8196.0,782.0,755.0,865.0,699.0,3107.0,2559.0,1539.0,991.0,541.0,178.0,63.0,0.0,0.0,430.0,189.0,3.0,97.0,1070.0
2021-07-15,13215,13,6095,107027,2828.0,10829.0,1876.0,510.0,0.0,1743.0,907.0,9270.0,796.0,748.0,995.0,907.0,3711.0,2762.0,1677.0,1120.0,542.0,187.0,67.0,0.0,1.0,654.0,67.0,54.0,195.0,1207.0
2021-07-16,12541,16,6742,112612,2785.0,10139.0,1864.0,538.0,0.0,1467.0,715.0,9043.0,801.0,627.0,840.0,715.0,3689.0,2757.0,1588.0,1009.0,559.0,187.0,55.0,0.0,2.0,468.0,99.0,36.0,179.0,1518.0
2021-07-17,12528,19,6629,118247,3206.0,10129.0,1917.0,482.0,0.0,1567.0,818.0,8698.0,818.0,674.0,893.0,818.0,3465.0,2670.0,1519.0,1044.0,540.0,195.0,83.0,0.0,0.0,425.0,100.0,41.0,268.0,1772.0
2021-07-18,10710,12,5778,122944,2164.0,8631.0,1626.0,453.0,0.0,1367.0,639.0,7633.0,691.0,559.0,808.0,639.0,3047.0,2296.0,1403.0,887.0,483.0,157.0,51.0,0.0,0.0,375.0,69.0,34.0,358.0,1015.0
2021-07-19,10972,48,6439,127256,2480.0,8628.0,1853.0,491.0,0.0,1417.0,700.0,7999.0,709.0,622.0,795.0,700.0,3169.0,2390.0,1492.0,948.0,465.0,172.0,72.0,4.0,0.0,416.0,55.0,22.0,247.0,1358.0
2021-07-20,12366,8,7567,131779,2650.0,9649.0,2176.0,541.0,0.0,1564.0,802.0,8856.0,846.0,670.0,894.0,802.0,3458.0,2776.0,1564.0,1058.0,579.0,193.0,74.0,0.0,0.0,369.0,128.0,20.0,369.0,1062.0
2021-07-21,11985,7,7902,135590,2149.0,9156.0,2247.0,582.0,0.0,1821.0,875.0,8059.0,910.0,743.0,1078.0,875.0,3168.0,2356.0,1438.0,1097.0,602.0,224.0,84.0,0.0,19.0,463.0,107.0,89.0,77.0,952.0
2021-07-22,13034,25,8436,139924,2589.0,9649.0,2654.0,731.0,0.0,1775.0,864.0,9161.0,878.0,747.0,1028.0,864.0,3538.0,2743.0,1721.0,1159.0,589.0,216.0,73.0,0.0,2.0,611.0,72.0,52.0,191.0,1163.0
2021-07-23,15573,32,10094,145114,2214.0,11445.0,3339.0,789.0,0.0,2028.0,1081.0,10948.0,1122.0,849.0,1179.0,1081.0,4326.0,3263.0,2039.0,1320.0,762.0,274.0,86.0,0.0,19.0,474.0,142.0,17.0,101.0,864.0
2021-07-24,15902,26,9471,151246,2922.0,11673.0,3451.0,778.0,0.0,2007.0,962.0,11395.0,1257.0,807.0,1200.0,962.0,4504.0,3450.0,2004.0,1437.0,854.0,315.0,88.0,8.0,3.0,515.0,89.0,36.0,123.0,1298.0
2021-07-25,17045,6,9683,158305,3134.0,12519.0,3616.0,910.0,0.0,2068.0,1045.0,12076.0,1074.0,860.0,1208.0,1045.0,4629.0,3715.0,2340.0,1392.0,747.0,255.0,72.0,0.0,3.0,711.0,87.0,28.0,114.0,1552.0
2021-07-26,14516,3,9371,163181,2902.0,11040.0,2767.0,709.0,0.0,1948.0,932.0,9783.0,897.0,816.0,1132.0,932.0,3865.0,2909.0,1772.0,1237.0,597.0,232.0,68.0,0.0,7.0,559.0,57.0,19.0,29.0,1504.0
2021-07-27,16117,26,11526,167497,2958.0,11659.0,3534.0,924.0,0.0,2152.0,1148.0,11432.0,1105.0,889.0,1263.0,1148.0,4411.0,3464.0,2168.0,1389.0,753.0,279.0,73.0,0.0,1.0,619.0,90.0,30.0,110.0,1350.0
2021-07-28,17405,6,12373,172208,2951.0,12147.0,4153.0,1105.0,0.0,2402.0,1182.0,12025.0,1231.0,955.0,1447.0,1182.0,4598.0,3631.0,2224.0,1572.0,860.0,271.0,100.0,0.0,6.0,621.0,125.0,25.0,74.0,1580.0
2021-07-29,17170,32,12930,176159,2423.0,11880.0,4184.0,1106.0,0.0,2383.0,1140.0,12206.0,1090.0,1025.0,1358.0,1140.0,4960.0,3556.0,2259.0,1431.0,743.0,261.0,86.0,0.0,2.0,567.0,77.0,19.0,266.0,968.0
2021-07-30,16840,17,12179,180493,3075.0,11556.0,4161.0,1123.0,0.0,2262.0,1178.0,11664.0,1108.0,919.0,1343.0,1178.0,4596.0,3543.0,2137.0,1388.0,712.0,298.0,98.0,0.0,5.0,822.0,84.0,9.0,61.0,1569.0
2021-07-31,17786,9,11718,186249,3046.0,12104.0,4436.0,1246.0,0.0,2646.0,1352.0,12260.0,1186.0,1042.0,1604.0,1352.0,4856.0,3690.0,2285.0,1429.0,781.0,292.0,113.0,0.0,49.0,825.0,64.0,8.0,84.0,1283.0
2021-08-01,17150,1,11326,191747,3000.0,11258.0,4708.0,1184.0,0.0,2468.0,1274.0,11731.0,1258.0,981.0,1487.0,1274.0,4489.0,3610.0,2188.0,1444.0,845.0,296.0,117.0,0.0,2.0,626.0,140.0,13.0,24.0,1525.0
2021-08-02,15764,6,11767,195370,2625.0,10318.0,4315.0,1131.0,0.0,2216.0,1130.0,10783.0,1072.0,871.0,1345.0,1130.0,4296.0,3295.0,1896.0,1296.0,723.0,256.0,93.0,0.0,18.0,559.0,58.0,45.0,106.0,1256.0
2021-08-03,17105,37,12297,199839,2400.0,11011.0,4750.0,1344.0,0.0,2424.0,1239.0,11777.0,1192.0,986.0,1438.0,1239.0,4656.0,3392.0,2207.0,1522.0,781.0,299.0,112.0,0.0,20.0,556.0,81.0,20.0,44.0,906.0
2021-08-04,19819,23,12704,206647,2953.0,12685.0,5582.0,1552.0,0.0,2737.0,1380.0,13795.0,1359.0,1142.0,1595.0,1380.0,5288.0,4312.0,2511.0,1684.0,941.0,296.0,122.0,0.0,23.0,748.0,36.0,29.0,74.0,1169.0
2021-08-05,20596,34,13893,213038,3084.0,12267.0,6606.0,1723.0,0.0,2601.0,1388.0,14699.0,1350.0,1070.0,1531.0,1388.0,5690.0,4401.0,2829.0,1779.0,905.0,344.0,101.0,0.0,12.0,682.0,65.0,41.0,165.0,1346.0
2021-08-06,20889,13,16394,217175,2657.0,12095.0,6948.0,1846.0,0.0,2716.0,1331.0,14859.0,1364.0,1095.0,1621.0,1331.0,5679.0,4600.0,2855.0,1725.0,919.0,333.0,112.0,0.0,16.0,492.0,64.0,22.0,92.0,1260.0
2021-08-07,19257,16,16322,219776,2771.0,11165.0,6373.0,1719.0,0.0,2505.0,1383.0,13341.0,1433.0,1025.0,1480.0,1383.0,5074.0,4025.0,2601.0,1641.0,925.0,384.0,124.0,0.0,20.0,579.0,32.0,14.0,97.0,1080.0
2021-08-08,18688,10,17055,221089,2585.0,10976.0,5983.0,1729.0,0.0,2505.0,1340.0,13078.0,1381.0,973.0,1532.0,1340.0,5128.0,3958.0,2412.0,1580.0,929.0,331.0,121.0,0.0,88.0,475.0,80.0,12.0,106.0,1172.0
2021-08-09,17236,29,15187,222833,2392.0,10004.0,5575.0,1657.0,0.0,2300.0,1209.0,11882.0,1182.0,912.0,1388.0,1209.0,4568.0,3568.0,2262.0,1484.0,784.0,276.0,122.0,0.0,17.0,534.0,14.0,4.0,182.0,933.0
2021-08-10,19991,0,16258,226158,2866.0,11448.0,6615.0,1928.0,0.0,2680.0,1456.0,13501.0,1458.0,1094.0,1586.0,1456.0,5230.0,3987.0,2572.0,1712.0,954.0,369.0,135.0,0.0,32.0,716.0,24.0,29.0,49.0,1236.0
2021-08-11,20780,15,17973,228678,2659.0,12089.0,6607.0,2084.0,0.0,2889.0,1454.0,14537.0,1424.0,1113.0,1776.0,1454.0,5484.0,4454.0,2806.0,1793.0,948.0,363.0,113.0,0.0,33.0,654.0,69.0,8.0,17.0,1262.0
2021-08-12,21668,58,17687,232365,2544.0,12216.0,7011.0,2441.0,0.0,2923.0,1507.0,15101.0,1524.0,1207.0,1716.0,1507.0,5951.0,4580.0,2727.0,1843.0,991.0,392.0,141.0,0.0,11.0,621.0,33.0,15.0,81.0,1120.0
2021-08-13,21468,25,17025,236545,2692.0,11836.0,7216.0,2416.0,0.0,2674.0,1433.0,14673.0,1593.0,1020.0,1654.0,1433.0,5632.0,4431.0,2754.0,1856.0,1017.0,397.0,179.0,0.0,15.0,391.0,144.0,43.0,33.0,1230.0
2021-08-14,20670,8,17655,239284,2402.0,11434.0,6837.0,2399.0,0.0,2734.0,1467.0,14295.0,1551.0,1101.0,1633.0,1467.0,5463.0,4314.0,2681.0,1837.0,1020.0,382.0,149.0,0.0,6.0,517.0,83.0,19.0,71.0,1150.0
2021-08-15,20546,14,16945,242596,2600.0,11192.0,6860.0,2494.0,0.0,2963.0,1507.0,14238.0,1370.0,1138.0,1825.0,1507.0,5525.0,4319.0,2742.0,1652.0,912.0,334.0,124.0,0.0,9.0,555.0,48.0,28.0,259.0,1112.0
2021-08-16,19740,19,17450,244595,3058.0,10594.0,6444.0,2702.0,0.0,2780.0,1372.0,13518.0,1357.0,1035.0,1745.0,1372.0,5247.0,4184.0,2452.0,1635.0,865.0,347.0,145.0,0.0,12.0,615.0,71.0,16.0,52.0,1571.0
2021-08-17,19631,7,16467,247506,2265.0,10677.0,6215.0,2739.0,0.0,2816.0,1424.0,13425.0,1442.0,1113.0,1703.0,1424.0,5107.0,4208.0,2503.0,1607.0,925.0,373.0,144.0,0.0,13.0,561.0,55.0,2.0,175.0,1042.0
2021-08-18,22242,4,19680,249790,2878.0,11866.0,7168.0,3208.0,0.0,2988.0,1624.0,15125.0,1584.0,1214.0,1774.0,1624.0,5694.0,4639.0,2918.0,1874.0,1034.0,404.0,146.0,0.0,24.0,556.0,61.0,4.0,80.0,1395.0
2021-08-19,22948,9,21720,250761,2343.0,12462.0,7169.0,3317.0,0.0,3035.0,1665.0,16065.0,1647.0,1254.0,1781.0,1665.0,6342.0,4770.0,3014.0,1939.0,1050.0,457.0,140.0,0.0,27.0,481.0,44.0,10.0,136.0,1131.0
2021-08-20,23564,23,21448,252644,3031.0,12107.0,7216.0,4241.0,0.0,3350.0,1820.0,16011.0,1692.0,1290.0,2060.0,1820.0,6234.0,4637.0,3074.0,2066.0,1074.0,459.0,159.0,0.0,6.0,764.0,31.0,33.0,38.0,1588.0
2021-08-21,22262,40,18576,256082,2331.0,11444.0,6897.0,3921.0,0.0,3154.0,1685.0,14933.0,1714.0,1269.0,1885.0,1685.0,5866.0,4397.0,2816.0,1854.0,1078.0,470.0,166.0,0.0,21.0,601.0,61.0,12.0,183.0,1104.0
2021-08-22,19807,5,18200,257386,2177.0,10488.0,5896.0,3423.0,0.0,2918.0,1565.0,13288.0,1508.0,1144.0,1774.0,1565.0,5188.0,4015.0,2449.0,1636.0,945.0,400.0,163.0,0.0,7.0,416.0,36.0,4.0,97.0,1033.0
2021-08-23,17672,8,19053,255732,2010.0,9065.0,5209.0,3398.0,0.0,2603.0,1374.0,11768.0,1491.0,1041.0,1562.0,1374.0,4400.0,3461.0,2332.0,1575.0,927.0,397.0,167.0,0.0,6.0,588.0,93.0,5.0,73.0,904.0
2021-08-24,20837,22,18613,257769,2514.0,10611.0,6283.0,3943.0,0.0,2956.0,1616.0,14024.0,1520.0,1123.0,1833.0,1616.0,5633.0,4140.0,2602.0,1649.0,972.0,421.0,127.0,0.0,10.0,457.0,29.0,2.0,76.0,1480.0
2021-08-25,22642,5,20798,259378,2499.0,11191.0,6937.0,4514.0,0.0,3221.0,1767.0,15003.0,1791.0,1263.0,1958.0,1767.0,5756.0,4472.0,3020.0,1755.0,1117.0,475.0,199.0,0.0,11.0,424.0,68.0,3.0,186.0,1384.0
2021-08-26,24599,8,22657,261050,3394.0,12366.0,7321.0,4912.0,0.0,3437.0,1722.0,16450.0,1872.0,1346.0,2091.0,1722.0,6374.0,4922.0,3132.0,2022.0,1144.0,536.0,191.0,0.0,24.0,542.0,93.0,35.0,73.0,1944.0
2021-08-27,22070,15,21877,261007,2126.0,10544.0,6484.0,5042.0,0.0,2973.0,1649.0,15043.0,1739.0,1186.0,1787.0,1649.0,5759.0,4550.0,2963.0,1771.0,1149.0,443.0,147.0,0.0,2.0,474.0,17.0,3.0,150.0,1022.0
2021-08-28,22597,12,19492,263873,2551.0,10429.0,6855.0,5313.0,0.0,3188.0,1717.0,14876.0,1835.0,1262.0,1926.0,1717.0,5583.0,4539.0,2941.0,1813.0,1177.0,479.0,179.0,0.0,6.0,467.0,84.0,7.0,92.0,1505.0
2021-08-29,20579,7,20845,263362,2595.0,10017.0,5646.0,4916.0,0.0,3025.0,1638.0,13696.0,1560.0,1207.0,1818.0,1638.0,5614.0,3929.0,2446.0,1707.0,991.0,416.0,153.0,0.0,12.0,392.0,16.0,4.0,81.0,1458.0
2021-08-30,19268,16,21257,261100,2097.0,9336.0,5283.0,4649.0,0.0,2928.0,1597.0,12579.0,1650.0,1169.0,1759.0,1597.0,4929.0,3708.0,2380.0,1562.0,1048.0,427.0,175.0,0.0,4.0,460.0,37.0,72.0,89.0,1034.0
2021-08-31,20897,1,18465,263276,1454.0,9495.0,5833.0,5569.0,0.0,2947.0,1683.0,14057.0,1760.0,1188.0,1759.0,1683.0,5416.0,4150.0,2723.0,1768.0,1098.0,501.0,161.0,0.0,1.0,260.0,38.0,11.0,43.0,734.0
2021-09-01,18762,5,21073,260697,2107.0,8306.0,4975.0,5481.0,0.0,2764.0,1491.0,12434.0,1658.0,1084.0,1680.0,1491.0,4651.0,3759.0,2375.0,1649.0,1044.0,451.0,163.0,0.0,3.0,515.0,42.0,16.0,23.0,1109.0
2021-09-02,20988,1,23473,257985,2142.0,9565.0,5168.0,6255.0,0.0,3064.0,1796.0,13868.0,1891.0,1176.0,1888.0,1796.0,5337.0,4056.0,2699.0,1776.0,1201.0,506.0,184.0,0.0,5.0,351.0,112.0,52.0,81.0,1110.0
2021-09-03,19378,14,22399,254747,2223.0,8606.0,4764.0,6008.0,0.0,2925.0,1549.0,12793.0,1689.0,1146.0,1779.0,1549.0,4704.0,3922.0,2511.0,1656.0,1042.0,449.0,198.0,0.0,5.0,562.0,64.0,12.0,102.0,1191.0
2021-09-04,19057,10,21582,251994,1760.0,8318.0,4534.0,6205.0,0.0,2842.0,1668.0,12309.0,1801.0,1145.0,1697.0,1668.0,4404.0,3706.0,2516.0,1683.0,1116.0,475.0,210.0,0.0,4.0,250.0,8.0,100.0,54.0,886.0
2021-09-05,20396,8,20573,251568,2347.0,8864.0,4670.0,6862.0,0.0,3037.0,1622.0,13561.0,1869.0,1222.0,1815.0,1622.0,5085.0,4101.0,2556.0,1819.0,1183.0,508.0,178.0,0.0,6.0,447.0,98.0,23.0,41.0,1385.0
2021-09-06,17352,8,20201,248486,1758.0,7313.0,4074.0,5965.0,0.0,2654.0,1451.0,11349.0,1562.0,1099.0,1555.0,1451.0,4330.0,3461.0,2187.0,1371.0,993.0,427.0,142.0,0.0,0.0,204.0,63.0,23.0,71.0,1015.0
2021-09-07,18547,18,18902,247903,2177.0,8151.0,4265.0,6131.0,0.0,2829.0,1559.0,12033.0,1717.0,1090.0,1739.0,1559.0,4513.0,3592.0,2298.0,1630.0,1092.0,462.0,163.0,0.0,0.0,592.0,66.0,19.0,74.0,1082.0
2021-09-08,19733,3,22701,244688,2095.0,8211.0,4516.0,7006.0,0.0,2978.0,1593.0,13019.0,1856.0,1175.0,1803.0,1593.0,4981.0,3885.0,2512.0,1641.0,1131.0,545.0,180.0,0.0,1.0,466.0,48.0,58.0,85.0,1038.0
2021-09-09,19307,6,24855,238929,1577.0,8029.0,4359.0,6919.0,0.0,2881.0,1597.0,12928.0,1704.0,1165.0,1716.0,1597.0,4988.0,3948.0,2393.0,1599.0,1067.0,459.0,178.0,0.0,0.0,332.0,0.0,74.0,39.0,918.0
2021-09-10,21176,4,21476,238415,2162.0,8442.0,4775.0,7959.0,0.0,3345.0,1814.0,13607.0,1986.0,1362.0,1983.0,1814.0,4997.0,4141.0,2640.0,1829.0,1197.0,581.0,208.0,0.0,0.0,326.0,36.0,40.0,23.0,1446.0
2021-09-11,19550,7,21771,235981,2144.0,8200.0,4067.0,7283.0,0.0,3009.0,1650.0,12772.0,1797.0,1171.0,1838.0,1650.0,4695.0,3888.0,2554.0,1635.0,1150.0,463.0,184.0,0.0,0.0,551.0,99.0,51.0,38.0,1052.0
2021-09-12,19198,5,20980,233973,1916.0,7479.0,3853.0,7866.0,0.0,2991.0,1686.0,12366.0,1914.0,1153.0,1838.0,1686.0,4796.0,3540.0,2336.0,1694.0,1231.0,509.0,174.0,0.0,2.0,544.0,12.0,9.0,69.0,947.0
2021-09-13,16073,21,24813,225052,1547.0,6310.0,3367.0,6396.0,0.0,2498.0,1391.0,10332.0,1562.0,992.0,1506.0,1391.0,3967.0,3070.0,1977.0,1318.0,965.0,425.0,172.0,0.0,20.0,427.0,42.0,11.0,32.0,674.0
2021-09-14,15669,17,18053,222474,1041.0,6000.0,3513.0,6156.0,0.0,2541.0,1318.0,10104.0,1476.0,1022.0,1519.0,1318.0,3693.0,3044.0,1931.0,1436.0,906.0,409.0,161.0,0.0,6.0,360.0,35.0,5.0,20.0,498.0
2021-09-15,19495,11,18760,222998,1389.0,7527.0,3523.0,8445.0,0.0,3201.0,1712.0,12409.0,1952.0,1280.0,1921.0,1712.0,4502.0,3796.0,2412.0,1699.0,1216.0,544.0,192.0,0.0,16.0,485.0,91.0,39.0,15.0,556.0
2021-09-16,18815,7,16939,224692,1627.0,7046.0,3823.0,7946.0,0.0,3036.0,1528.0,12191.0,1792.0,1213.0,1823.0,1528.0,4430.0,3795.0,2338.0,1628.0,1132.0,484.0,176.0,0.0,4.0,456.0,47.0,45.0,54.0,775.0
2021-09-17,17577,3,22970,219109,1742.0,6519.0,3807.0,7251.0,0.0,2590.0,1417.0,11621.0,1668.0,1027.0,1563.0,1417.0,4322.0,3525.0,2243.0,1531.0,1037.0,450.0,181.0,0.0,3.0,432.0,31.0,13.0,20.0,1055.0
2021-09-18,15549,5,17205,217286,1251.0,5592.0,3266.0,6691.0,0.0,2429.0,1321.0,9981.0,1595.0,954.0,1475.0,1321.0,3678.0,2992.0,1914.0,1397.0,952.0,462.0,181.0,0.0,1.0,331.0,48.0,23.0,22.0,693.0
2021-09-19,14954,11,23469,208612,1216.0,5572.0,2924.0,6458.0,0.0,2353.0,1233.0,9644.0,1467.0,945.0,1408.0,1233.0,3501.0,2938.0,1846.0,1359.0,898.0,428.0,141.0,0.0,8.0,196.0,39.0,3.0,72.0,720.0
2021-09-20,14345,43,16814,205996,1157.0,5164.0,2654.0,6527.0,0.0,2321.0,1244.0,9073.0,1500.0,882.0,1439.0,1244.0,3360.0,2724.0,1715.0,1274.0,928.0,424.0,148.0,24.0,4.0,447.0,7.0,1.0,10.0,523.0
2021-09-21,15759,27,16650,204953,1223.0,5525.0,2858.0,7376.0,0.0,2451.0,1399.0,10017.0,1611.0,935.0,1516.0,1399.0,3687.0,3051.0,1843.0,1436.0,968.0,461.0,182.0,0.0,3.0,301.0,45.0,15.0,2.0,622.0
2021-09-22,14990,5,19702,200097,991.0,5306.0,2820.0,6864.0,0.0,2471.0,1264.0,9538.0,1523.0,994.0,1477.0,1264.0,3462.0,2884.0,1892.0,1300.0,968.0,405.0,150.0,0.0,8.0,210.0,35.0,49.0,17.0,595.0
2021-09-23,13754,4,16628,197075,1111.0,5127.0,2241.0,6386.0,0.0,2354.0,1098.0,8850.0,1371.0,902.0,1452.0,1098.0,3120.0,2672.0,1763.0,1295.0,852.0,383.0,136.0,0.0,1.0,303.0,20.0,7.0,6.0,658.0
2021-09-24,14554,9,16751,194732,1079.0,5056.0,2268.0,7230.0,0.0,2334.0,1278.0,9269.0,1528.0,918.0,1416.0,1278.0,3260.0,2784.0,1884.0,1341.0,966.0,427.0,135.0,0.0,0.0,405.0,45.0,34.0,4.0,582.0
2021-09-25,13899,6,18074,190398,898.0,5018.0,1966.0,6915.0,0.0,2276.0,1176.0,8648.0,1546.0,904.0,1372.0,1176.0,3145.0,2658.0,1635.0,1210.0,901.0,481.0,164.0,0.0,3.0,284.0,72.0,23.0,24.0,470.0
2021-09-26,13104,8,20971,182404,825.0,4421.0,2033.0,6650.0,0.0,2128.0,1140.0,8275.0,1398.0,907.0,1221.0,1140.0,3074.0,2496.0,1502.0,1203.0,856.0,404.0,138.0,0.0,0.0,222.0,6.0,51.0,5.0,541.0
2021-09-27,10959,12,16430,176804,797.0,3728.0,1522.0,5709.0,0.0,1761.0,947.0,6804.0,1356.0,744.0,1017.0,947.0,2405.0,2065.0,1340.0,994.0,830.0,348.0,178.0,0.0,0.0,256.0,66.0,30.0,15.0,430.0
2021-09-28,11332,23,14160,173871,715.0,3850.0,1627.0,5855.0,0.0,1870.0,995.0,7107.0,1279.0,739.0,1131.0,995.0,2532.0,2180.0,1379.0,1016.0,786.0,355.0,138.0,0.0,3.0,298.0,0.0,3.0,56.0,355.0
2021-09-29,12434,8,17000,169182,710.0,3984.0,1661.0,6789.0,0.0,1896.0,959.0,7983.0,1448.0,796.0,1100.0,959.0,2859.0,2444.0,1490.0,1190.0,877.0,420.0,151.0,0.0,0.0,328.0,18.0,7.0,13.0,344.0
2021-09-30,12735,17,17725,164062,764.0,4155.0,1692.0,6888.0,0.0,2155.0,1134.0,7954.0,1330.0,860.0,1295.0,1134.0,2809.0,2429.0,1521.0,1195.0,816.0,389.0,125.0,0.0,0.0,294.0,24.0,11.0,3.0,432.0
2021-10-01,11889,14,15891,159963,868.0,3752.0,1506.0,6631.0,0.0,1985.0,982.0,7492.0,1293.0,832.0,1153.0,982.0,2632.0,2254.0,1443.0,1163.0,784.0,385.0,124.0,0.0,6.0,439.0,22.0,8.0,0.0,393.0
2021-10-02,10915,7,15396,155351,656.0,3661.0,1326.0,5928.0,0.0,1869.0,941.0,6802.0,1200.0,716.0,1153.0,941.0,2386.0,2062.0,1330.0,1024.0,728.0,348.0,124.0,0.0,0.0,194.0,79.0,1.0,2.0,380.0
2021-10-03,9066,12,14454,149859,388.0,2924.0,1131.0,5011.0,0.0,1624.0,832.0,5381.0,1062.0,659.0,965.0,832.0,1926.0,1566.0,1039.0,850.0,666.0,272.0,124.0,0.0,1.0,224.0,17.0,1.0,5.0,140.0
2021-10-04,8075,6,15456,142387,731.0,2649.0,1093.0,4333.0,0.0,1315.0,636.0,5063.0,979.0,517.0,798.0,636.0,1845.0,1493.0,945.0,780.0,594.0,291.0,94.0,0.0,5.0,73.0,25.0,8.0,7.0,613.0
2021-10-05,8817,14,15615,135492,619.0,2585.0,1078.0,5154.0,0.0,1344.0,681.0,5631.0,1047.0,544.0,800.0,681.0,2012.0,1694.0,1068.0,857.0,633.0,300.0,114.0,0.0,0.0,199.0,30.0,10.0,3.0,377.0
2021-10-06,9380,13,13045,131734,426.0,2925.0,1053.0,5402.0,0.0,1596.0,761.0,5888.0,1064.0,661.0,935.0,761.0,2093.0,1773.0,1102.0,920.0,630.0,324.0,110.0,0.0,2.0,147.0,35.0,6.0,2.0,234.0
2021-10-07,9890,18,12884,128646,697.0,3033.0,1148.0,5709.0,0.0,1665.0,773.0,6175.0,1215.0,666.0,999.0,773.0,2145.0,1887.0,1224.0,919.0,691.0,361.0,163.0,0.0,0.0,240.0,111.0,41.0,5.0,300.0
2021-10-08,9751,15,12724,125584,382.0,2958.0,1042.0,5751.0,0.0,1669.0,762.0,6038.0,1181.0,630.0,1039.0,762.0,2048.0,1960.0,1115.0,915.0,729.0,338.0,114.0,0.0,0.0,157.0,17.0,16.0,8.0,184.0
2021-10-09,8743,14,14422,119831,621.0,2607.0,955.0,5181.0,0.0,1603.0,720.0,5276.0,1075.0,638.0,965.0,720.0,1858.0,1641.0,965.0,812.0,597.0,336.0,142.0,0.0,0.0,271.0,105.0,42.0,0.0,203.0
2021-10-10,7373,2,10959,116163,334.0,2132.0,774.0,4467.0,0.0,1346.0,542.0,4511.0,929.0,551.0,795.0,542.0,1546.0,1389.0,851.0,725.0,555.0,256.0,118.0,0.0,1.0,142.0,48.0,15.0,3.0,125.0
2021-10-11,6709,6,10833,111958,282.0,1957.0,670.0,4082.0,0.0,1180.0,493.0,4087.0,912.0,467.0,713.0,493.0,1314.0,1273.0,839.0,661.0,523.0,284.0,105.0,0.0,5.0,137.0,28.0,7.0,0.0,105.0
2021-10-12,7276,10,10555,108584,379.0,2043.0,769.0,4463.0,1.0,1192.0,579.0,4507.0,908.0,507.0,685.0,579.0,1546.0,1383.0,909.0,669.0,523.0,278.0,107.0,0.0,10.0,140.0,20.0,64.0,0.0,145.0
2021-10-13,7950,29,10832,105622,500.0,2183.0,773.0,4994.0,0.0,1277.0,495.0,5006.0,1026.0,555.0,722.0,495.0,1730.0,1551.0,982.0,743.0,580.0,289.0,157.0,0.0,24.0,95.0,78.0,66.0,44.0,193.0
2021-10-14,8084,21,12456,101185,352.0,2333.0,706.0,5045.0,0.0,1414.0,545.0,5019.0,1047.0,536.0,878.0,545.0,1746.0,1497.0,1031.0,745.0,644.0,274.0,129.0,0.0,10.0,78.0,75.0,34.0,0.0,155.0
2021-10-15,7420,17,10145,98384,416.0,2186.0,587.0,4647.0,0.0,1342.0,423.0,4664.0,944.0,553.0,789.0,423.0,1560.0,1588.0,849.0,667.0,566.0,286.0,92.0,0.0,0.0,86.0,18.0,27.0,6.0,279.0
2021-10-16,7509,16,9531,96290,327.0,2158.0,583.0,4768.0,0.0,1244.0,468.0,4799.0,876.0,526.0,718.0,468.0,1684.0,1492.0,930.0,693.0,516.0,241.0,119.0,0.0,0.0,64.0,40.0,67.0,3.0,153.0
2021-10-17,6145,12,9231,93132,402.0,1813.0,506.0,3826.0,0.0,1117.0,365.0,3836.0,773.0,459.0,658.0,365.0,1302.0,1197.0,734.0,603.0,484.0,200.0,89.0,0.0,0.0,140.0,12.0,14.0,5.0,231.0
2021-10-18,5434,5,8435,90062,356.0,1451.0,445.0,3538.0,0.0,892.0,317.0,3497.0,700.0,388.0,504.0,317.0,1164.0,1131.0,675.0,527.0,422.0,194.0,84.0,0.0,14.0,45.0,24.0,34.0,0.0,239.0
2021-10-19,5745,12,8933,86790,219.0,1626.0,405.0,3714.0,0.0,947.0,305.0,3725.0,711.0,390.0,557.0,305.0,1243.0,1174.0,717.0,591.0,414.0,210.0,87.0,0.0,3.0,32.0,4.0,32.0,0.0,148.0
2021-10-20,5516,14,9401,82841,206.0,1397.0,371.0,3746.0,2.0,884.0,271.0,3590.0,741.0,386.0,498.0,271.0,1182.0,1133.0,711.0,564.0,447.0,218.0,76.0,0.0,0.0,34.0,19.0,10.0,0.0,143.0
2021-10-21,6210,42,7562,81429,303.0,1647.0,434.0,4123.0,6.0,1071.0,339.0,3949.0,826.0,438.0,633.0,339.0,1273.0,1270.0,809.0,597.0,527.0,205.0,94.0,0.0,6.0,66.0,19.0,19.0,0.0,193.0
2021-10-22,6630,15,7630,80358,250.0,1774.0,429.0,4421.0,6.0,1167.0,303.0,4252.0,851.0,476.0,691.0,303.0,1389.0,1377.0,829.0,657.0,522.0,238.0,91.0,0.0,9.0,100.0,4.0,31.0,0.0,106.0
2021-10-23,5828,7,9178,76945,256.0,1612.0,372.0,3836.0,8.0,1042.0,286.0,3711.0,740.0,428.0,614.0,286.0,1163.0,1230.0,765.0,553.0,451.0,218.0,71.0,0.0,6.0,68.0,12.0,8.0,0.0,162.0
2021-10-24,5666,20,6978,75576,148.0,1595.0,342.0,3715.0,14.0,1072.0,293.0,3543.0,733.0,446.0,626.0,293.0,1136.0,1181.0,681.0,545.0,437.0,217.0,79.0,0.0,7.0,37.0,10.0,3.0,0.0,91.0
2021-10-25,4782,15,7414,72874,109.0,1330.0,257.0,3186.0,9.0,928.0,227.0,2944.0,651.0,370.0,558.0,227.0,957.0,946.0,574.0,467.0,407.0,195.0,49.0,0.0,5.0,12.0,5.0,21.0,0.0,66.0
2021-10-26,5726,15,5607,72938,210.0,1470.0,303.0,3945.0,8.0,996.0,263.0,3656.0,741.0,414.0,582.0,263.0,1198.0,1187.0,677.0,594.0,457.0,196.0,88.0,0.0,0.0,15.0,1.0,25.0,0.0,169.0
2021-10-27,6148,21,7595,71425,200.0,1626.0,307.0,4198.0,17.0,1082.0,271.0,3940.0,809.0,459.0,623.0,271.0,1266.0,1312.0,787.0,575.0,499.0,222.0,88.0,0.0,5.0,30.0,3.0,14.0,0.0,148.0
2021-10-28,6377,32,6637,71110,231.0,1755.0,278.0,4325.0,19.0,1138.0,289.0,4081.0,828.0,456.0,682.0,289.0,1438.0,1282.0,768.0,593.0,480.0,248.0,100.0,0.0,2.0,27.0,26.0,35.0,1.0,140.0
2021-10-29,6060,13,7297,69814,200.0,1552.0,263.0,4218.0,27.0,1071.0,263.0,3905.0,757.0,425.0,646.0,263.0,1311.0,1231.0,774.0,589.0,458.0,223.0,76.0,0.0,3.0,32.0,18.0,60.0,0.0,87.0
2021-10-30,5854,13,6715,68895,274.0,1593.0,279.0,3968.0,14.0,1023.0,266.0,3779.0,744.0,416.0,607.0,266.0,1255.0,1211.0,749.0,564.0,449.0,229.0,66.0,0.0,0.0,40.0,10.0,50.0,0.0,174.0
2021-10-31,4979,23,6127,67710,121.0,1267.0,181.0,3508.0,23.0,855.0,194.0,3241.0,685.0,364.0,491.0,194.0,1038.0,1037.0,639.0,527.0,419.0,194.0,72.0,0.0,0.0,12.0,3.0,37.0,0.0,69.0
2021-11-01,4626,6,5299,66980,144.0,1190.0,159.0,3252.0,25.0,818.0,151.0,2976.0,646.0,306.0,512.0,151.0,988.0,943.0,607.0,438.0,384.0,179.0,83.0,0.0,0.0,12.0,26.0,28.0,0.0,78.0
2021-11-02,5071,15,5372,66631,146.0,1320.0,183.0,3532.0,36.0,829.0,175.0,3291.0,715.0,351.0,478.0,175.0,1110.0,1069.0,589.0,523.0,439.0,204.0,72.0,0.0,0.0,15.0,3.0,7.0,0.0,121.0
2021-11-03,5291,7,4947,66920,149.0,1366.0,177.0,3710.0,38.0,884.0,199.0,3513.0,643.0,347.0,537.0,199.0,1188.0,1146.0,656.0,523.0,426.0,150.0,67.0,0.0,4.0,39.0,2.0,8.0,4.0,92.0
2021-11-04,5713,32,5865,66717,162.0,1457.0,154.0,4050.0,52.0,1004.0,191.0,3734.0,734.0,389.0,615.0,191.0,1187.0,1258.0,724.0,565.0,432.0,216.0,86.0,0.0,0.0,19.0,18.0,18.0,2.0,105.0
2021-11-05,4922,10,5579,66003,154.0,1200.0,119.0,3558.0,45.0,824.0,173.0,3215.0,677.0,342.0,482.0,173.0,1087.0,1014.0,633.0,481.0,421.0,191.0,65.0,0.0,0.0,60.0,0.0,35.0,0.0,59.0
2021-11-06,4701,28,5382,65280,112.0,1246.0,118.0,3269.0,68.0,847.0,164.0,2999.0,686.0,352.0,495.0,164.0,983.0,977.0,588.0,451.0,414.0,204.0,68.0,0.0,0.0,0.0,21.0,9.0,0.0,82.0
2021-11-07,4343,9,5190,64374,124.0,1136.0,78.0,3069.0,60.0,711.0,150.0,2820.0,604.0,289.0,422.0,150.0,950.0,891.0,519.0,460.0,392.0,166.0,46.0,0.0,0.0,29.0,0.0,5.0,0.0,90.0
2021-11-08,4543,15,7348,61516,80.0,1145.0,89.0,3264.0,45.0,762.0,150.0,2924.0,667.0,312.0,450.0,150.0,936.0,971.0,565.0,452.0,428.0,185.0,54.0,0.0,1.0,1.0,3.0,10.0,2.0,63.0
2021-11-09,5403,25,5311,61556,134.0,1450.0,122.0,3770.0,61.0,948.0,208.0,3540.0,657.0,366.0,582.0,208.0,1181.0,1130.0,665.0,564.0,398.0,180.0,79.0,0.0,0.0,8.0,5.0,46.0,0.0,75.0
2021-11-10,6243,24,5068,62691,247.0,1486.0,147.0,4527.0,83.0,1015.0,207.0,4208.0,812.0,395.0,620.0,207.0,1332.0,1451.0,833.0,592.0,528.0,215.0,69.0,0.0,0.0,2.0,19.0,55.0,2.0,169.0
2021-11-11,6323,25,5337,63628,135.0,1601.0,124.0,4532.0,66.0,1099.0,245.0,4147.0,770.0,409.0,690.0,245.0,1329.0,1359.0,839.0,620.0,492.0,204.0,74.0,0.0,0.0,6.0,24.0,24.0,0.0,81.0
2021-11-12,6517,16,6026,64071,240.0,1571.0,105.0,4775.0,66.0,1093.0,246.0,4288.0,823.0,404.0,689.0,246.0,1427.0,1410.0,815.0,636.0,511.0,235.0,77.0,0.0,0.0,26.0,13.0,69.0,0.0,132.0
2021-11-13,5809,27,4712,65124,118.0,1414.0,92.0,4220.0,83.0,951.0,178.0,3839.0,810.0,378.0,573.0,178.0,1228.0,1237.0,788.0,586.0,525.0,215.0,70.0,0.0,0.0,2.0,29.0,28.0,0.0,59.0
2021-11-14,5162,11,5019,65229,106.0,1253.0,83.0,3767.0,59.0,904.0,181.0,3256.0,783.0,362.0,542.0,181.0,1030.0,1067.0,662.0,497.0,482.0,229.0,72.0,0.0,0.0,3.0,28.0,5.0,0.0,70.0
2021-11-15,5143,13,4551,65777,151.0,1273.0,65.0,3741.0,64.0,863.0,195.0,3381.0,677.0,340.0,523.0,195.0,1210.0,1029.0,624.0,518.0,431.0,175.0,71.0,0.0,0.0,0.0,2.0,93.0,5.0,51.0
2021-11-16,5413,17,6013,65131,198.0,1337.0,87.0,3889.0,100.0,939.0,220.0,3508.0,699.0,363.0,576.0,220.0,1134.0,1069.0,696.0,609.0,445.0,181.0,73.0,0.0,0.0,39.0,5.0,16.0,0.0,138.0
2021-11-17,6288,22,4743,66615,139.0,1465.0,75.0,4663.0,85.0,1049.0,225.0,4185.0,787.0,396.0,653.0,225.0,1349.0,1347.0,781.0,708.0,498.0,221.0,68.0,0.0,0.0,34.0,0.0,15.0,0.0,113.0
2021-11-18,6380,28,5760,67200,247.0,1539.0,68.0,4651.0,122.0,1054.0,241.0,4253.0,832.0,407.0,647.0,241.0,1367.0,1360.0,861.0,665.0,496.0,259.0,77.0,0.0,0.0,27.0,41.0,68.0,0.0,111.0
2021-11-19,6355,31,5031,68479,168.0,1648.0,76.0,4512.0,119.0,1171.0,228.0,4193.0,728.0,468.0,703.0,228.0,1397.0,1282.0,863.0,651.0,479.0,197.0,52.0,0.0,0.0,18.0,7.0,40.0,0.0,103.0
2021-11-20,5859,19,4970,69330,156.0,1482.0,70.0,4182.0,125.0,1011.0,251.0,3846.0,730.0,378.0,633.0,251.0,1198.0,1225.0,795.0,628.0,458.0,210.0,62.0,0.0,0.0,21.0,0.0,34.0,0.0,101.0
2021-11-21,4854,12,5525,68613,114.0,1146.0,53.0,3566.0,89.0,779.0,189.0,3260.0,604.0,314.0,465.0,189.0,1063.0,1065.0,621.0,511.0,378.0,158.0,68.0,0.0,0.0,14.0,4.0,8.0,5.0,83.0
2021-11-22,4885,18,5628,67829,228.0,1170.0,47.0,3575.0,93.0,806.0,200.0,3205.0,661.0,306.0,500.0,200.0,1048.0,1021.0,620.0,516.0,385.0,200.0,76.0,0.0,0.0,14.0,2.0,42.0,3.0,167.0
2021-11-23,5594,24,4908,68467,212.0,1369.0,75.0,4044.0,106.0,928.0,212.0,3760.0,677.0,339.0,589.0,212.0,1191.0,1154.0,779.0,636.0,435.0,193.0,49.0,0.0,23.0,4.0,6.0,88.0,0.0,91.0
2021-11-24,5755,23,5082,69097,175.0,1426.0,72.0,4111.0,146.0,950.0,227.0,3798.0,745.0,350.0,600.0,227.0,1245.0,1188.0,808.0,557.0,468.0,194.0,83.0,0.0,3.0,16.0,3.0,36.0,0.0,117.0
2021-11-25,6144,12,6602,68589,205.0,1494.0,60.0,4465.0,125.0,1028.0,245.0,4033.0,817.0,394.0,634.0,245.0,1338.0,1253.0,801.0,641.0,514.0,229.0,74.0,0.0,15.0,22.0,16.0,28.0,0.0,124.0
2021-11-26,5501,25,6664,67383,123.0,1321.0,58.0,4011.0,111.0,906.0,196.0,3722.0,661.0,342.0,564.0,196.0,1203.0,1175.0,764.0,580.0,420.0,185.0,56.0,0.0,11.0,8.0,5.0,52.0,0.0,47.0
2021-11-27,5097,17,5352,67082,165.0,1238.0,55.0,3694.0,110.0,817.0,212.0,3409.0,631.0,315.0,502.0,212.0,1064.0,1093.0,684.0,568.0,399.0,174.0,58.0,0.0,6.0,8.0,45.0,40.0,30.0,36.0
2021-11-28,4239,12,5007,66278,88.0,1037.0,33.0,3077.0,92.0,722.0,155.0,2818.0,524.0,272.0,450.0,155.0,932.0,840.0,564.0,482.0,334.0,143.0,47.0,0.0,4.0,6.0,2.0,30.0,0.0,46.0
2021-11-29,4087,21,4984,65340,182.0,1035.0,33.0,2935.0,84.0,692.0,202.0,2626.0,546.0,271.0,421.0,202.0,878.0,776.0,551.0,421.0,331.0,163.0,52.0,0.0,0.0,23.0,6.0,109.0,0.0,44.0
2021-11-30,4879,24,5168,65018,97.0,1127.0,56.0,3592.0,104.0,787.0,209.0,3290.0,583.0,308.0,479.0,209.0,1072.0,974.0,708.0,536.0,358.0,165.0,60.0,0.0,25.0,0.0,28.0,33.0,0.0,31.0
2021-12-01,5439,21,6803,63623,110.0,1367.0,52.0,3898.0,122.0,891.0,197.0,3668.0,645.0,338.0,553.0,197.0,1172.0,1183.0,767.0,546.0,387.0,197.0,61.0,0.0,25.0,0.0,8.0,33.0,0.0,31.0
2021-12-02,5806,11,7246,62140,339.0,1327.0,39.0,4271.0,169.0,950.0,304.0,3875.0,643.0,344.0,606.0,304.0,1279.0,1207.0,779.0,610.0,410.0,174.0,59.0,0.0,14.0,2.0,13.0,148.0,52.0,110.0
2021-12-03,5551,23,5301,62344,179.0,1314.0,46.0,4044.0,147.0,916.0,304.0,3683.0,626.0,359.0,557.0,304.0,1270.0,1154.0,737.0,522.0,411.0,167.0,48.0,0.0,6.0,0.0,3.0,104.0,0.0,66.0
2021-12-04,4896,18,4676,62522,159.0,1145.0,57.0,3526.0,168.0,830.0,211.0,3298.0,537.0,330.0,500.0,211.0,1120.0,1030.0,648.0,500.0,327.0,158.0,52.0,0.0,3.0,1.0,22.0,52.0,0.0,81.0
2021-12-05,4298,23,4929,61853,136.0,1018.0,38.0,3093.0,149.0,734.0,184.0,2866.0,509.0,281.0,453.0,184.0,1008.0,898.0,535.0,425.0,330.0,130.0,49.0,0.0,13.0,3.0,12.0,69.0,0.0,39.0
2021-12-06,4262,15,5894,60180,97.0,1041.0,38.0,3052.0,131.0,707.0,185.0,2804.0,542.0,289.0,418.0,185.0,952.0,867.0,560.0,425.0,352.0,141.0,49.0,0.0,10.0,0.0,2.0,30.0,0.0,55.0
2021-12-07,4965,29,4817,60292,138.0,1130.0,48.0,3641.0,146.0,763.0,229.0,3314.0,645.0,305.0,458.0,229.0,1111.0,1040.0,673.0,490.0,395.0,169.0,81.0,0.0,3.0,13.0,39.0,36.0,0.0,47.0
2021-12-08,5020,17,4525,60752,154.0,1163.0,41.0,3674.0,142.0,768.0,223.0,3434.0,575.0,301.0,467.0,223.0,1148.0,1042.0,712.0,532.0,378.0,154.0,43.0,0.0,2.0,3.0,0.0,32.0,1.0,116.0
2021-12-09,5446,20,5427,60745,367.0,1207.0,55.0,4033.0,151.0,840.0,282.0,3724.0,574.0,335.0,505.0,282.0,1300.0,1251.0,688.0,485.0,367.0,161.0,46.0,0.0,0.0,1.0,8.0,153.0,0.0,205.0
2021-12-10,5058,17,4997,60778,190.0,1228.0,43.0,3630.0,157.0,816.0,223.0,3410.0,581.0,311.0,505.0,223.0,1138.0,1139.0,671.0,462.0,356.0,163.0,62.0,0.0,3.0,1.0,12.0,52.0,0.0,122.0
2021-12-11,4626,20,4690,60689,105.0,1106.0,40.0,3336.0,144.0,757.0,192.0,3113.0,553.0,269.0,488.0,192.0,1079.0,1002.0,618.0,414.0,340.0,154.0,59.0,0.0,0.0,5.0,6.0,18.0,0.0,76.0
2021-12-12,3490,14,5399,58752,167.0,803.0,29.0,2529.0,129.0,522.0,143.0,2318.0,487.0,201.0,321.0,143.0,811.0,718.0,428.0,361.0,276.0,136.0,75.0,0.0,0.0,8.0,41.0,42.0,0.0,76.0
2021-12-13,3504,24,4401,57829,103.0,797.0,29.0,2570.0,108.0,551.0,154.0,2317.0,475.0,237.0,314.0,154.0,776.0,736.0,421.0,384.0,296.0,142.0,37.0,0.0,0.0,30.0,12.0,27.0,0.0,34.0
2021-12-14,4097,18,4301,57598,152.0,957.0,43.0,2959.0,138.0,633.0,159.0,2771.0,511.0,253.0,380.0,159.0,884.0,921.0,566.0,400.0,312.0,149.0,50.0,0.0,0.0,0.0,17.0,12.0,0.0,123.0
2021-12-15,3900,19,4552,56936,137.0,881.0,24.0,2853.0,142.0,562.0,139.0,2720.0,458.0,220.0,342.0,139.0,955.0,837.0,550.0,378.0,289.0,129.0,40.0,0.0,0.0,8.0,17.0,49.0,1.0,62.0
2021-12-16,4262,36,4985,56211,125.0,955.0,29.0,3109.0,169.0,624.0,142.0,2927.0,521.0,254.0,370.0,142.0,1011.0,949.0,572.0,395.0,343.0,132.0,46.0,2.0,0.0,15.0,1.0,19.0,0.0,88.0
2021-12-17,4362,28,5098,55475,208.0,969.0,47.0,3168.0,178.0,648.0,193.0,2976.0,490.0,266.0,382.0,193.0,1011.0,986.0,576.0,403.0,298.0,128.0,64.0,0.0,0.0,31.0,46.0,30.0,0.0,101.0
2021-12-18,4083,34,5435,54094,,,,,,,,,,,,,,,,,,,,0.0,0.0,12.0,21.0,4.0,0.0,172.0
